<?xml version="1.0" encoding="UTF-8"?>
<gpx creator="https://gpx.studio" version="1.1" xmlns="http://www.topografix.com/GPX/1/1" xmlns:xsi="http://www.w3.org/2001/XMLSchema-instance" xsi:schemaLocation="http://www.topografix.com/GPX/1/1 http://www.topografix.com/GPX/1/1/gpx.xsd http://www.garmin.com/xmlschemas/GpxExtensions/v3 http://www.garmin.com/xmlschemas/GpxExtensionsv3.xsd http://www.garmin.com/xmlschemas/TrackPointExtension/v1 http://www.garmin.com/xmlschemas/TrackPointExtensionv1.xsd http://www.garmin.com/xmlschemas/PowerExtension/v1 http://www.garmin.com/xmlschemas/PowerExtensionv1.xsd http://www.topografix.com/GPX/gpx_style/0/2 http://www.topografix.com/GPX/gpx_style/0/2/gpx_style.xsd" xmlns:gpxtpx="http://www.garmin.com/xmlschemas/TrackPointExtension/v1" xmlns:gpxx="http://www.garmin.com/xmlschemas/GpxExtensions/v3" xmlns:gpxpx="http://www.garmin.com/xmlschemas/PowerExtension/v1" xmlns:gpx_style="http://www.topografix.com/GPX/gpx_style/0/2">
  <metadata>
    <name>New file 1</name>
    <author>
      <name>gpx.studio</name>
      <link href="https://gpx.studio"/>
    </author>
  </metadata>
  <wpt lat="52.363866" lon="4.981492">
    <ele>0</ele>
    <name>Meeting point - Écluse</name>
    <cmt>Café</cmt>
    <desc>Café</desc>
  </wpt>
  <wpt lat="52.604073" lon="4.95988">
    <ele>-0.4278347850001877</ele>
    <name>Lunch stop - Les Deux Ponts</name>
    <cmt>Restaurant</cmt>
    <desc>Restaurant</desc>
  </wpt>
  <wpt lat="52.600202" lon="4.873515">
    <ele>-3.081989355371942</ele>
    <name>Windmill museum</name>
    <cmt>Museum</cmt>
    <desc>Museum</desc>
  </wpt>
  <wpt lat="52.337741" lon="4.639318">
    <ele>-1.4598915374836356</ele>
    <name>Cruquius - Haarlemermeer pumping station</name>
    <cmt>Museum</cmt>
    <desc>Museum</desc>
  </wpt>
  <wpt lat="52.296075" lon="4.899164">
    <ele>0.014209312666617104</ele>
    <name>End point - KEK! Pop-up in het Jagershuis</name>
    <cmt>Brewery</cmt>
    <desc>Brewery</desc>
  </wpt>
  <trk>
    <name>New file 1</name>
    <trkseg>
      <trkpt lat="52.364074" lon="4.98209">
        <ele>0</ele>
      </trkpt>
      <trkpt lat="52.363776" lon="4.982413">
        <ele>0</ele>
      </trkpt>
      <trkpt lat="52.363421" lon="4.981546">
        <ele>0.01</ele>
      </trkpt>
      <trkpt lat="52.363177" lon="4.980989">
        <ele>0.06</ele>
      </trkpt>
      <trkpt lat="52.363169" lon="4.980876">
        <ele>0.07</ele>
      </trkpt>
      <trkpt lat="52.36309" lon="4.980666">
        <ele>0.07</ele>
      </trkpt>
      <trkpt lat="52.36404" lon="4.978881">
        <ele>1</ele>
      </trkpt>
      <trkpt lat="52.364158" lon="4.978555">
        <ele>1</ele>
      </trkpt>
      <trkpt lat="52.365622" lon="4.975806">
        <ele>3.38</ele>
      </trkpt>
      <trkpt lat="52.365782" lon="4.975533">
        <ele>2.54</ele>
      </trkpt>
      <trkpt lat="52.365853" lon="4.975456">
        <ele>2.19</ele>
      </trkpt>
      <trkpt lat="52.366052" lon="4.975154">
        <ele>1.55</ele>
      </trkpt>
      <trkpt lat="52.366244" lon="4.974825">
        <ele>1.22</ele>
      </trkpt>
      <trkpt lat="52.366422" lon="4.974499">
        <ele>1.55</ele>
      </trkpt>
      <trkpt lat="52.367479" lon="4.97253">
        <ele>3.43</ele>
      </trkpt>
      <trkpt lat="52.368369" lon="4.970829">
        <ele>2.43</ele>
      </trkpt>
      <trkpt lat="52.370856" lon="4.966172">
        <ele>1.11</ele>
      </trkpt>
      <trkpt lat="52.371288" lon="4.965302">
        <ele>1.97</ele>
      </trkpt>
      <trkpt lat="52.371488" lon="4.964815">
        <ele>2</ele>
      </trkpt>
      <trkpt lat="52.371733" lon="4.964075">
        <ele>1.96</ele>
      </trkpt>
      <trkpt lat="52.371846" lon="4.96375">
        <ele>1.87</ele>
      </trkpt>
      <trkpt lat="52.371935" lon="4.963452">
        <ele>1.87</ele>
      </trkpt>
      <trkpt lat="52.372095" lon="4.962741">
        <ele>2</ele>
      </trkpt>
      <trkpt lat="52.372141" lon="4.962472">
        <ele>1.97</ele>
      </trkpt>
      <trkpt lat="52.373422" lon="4.962505">
        <ele>2</ele>
      </trkpt>
      <trkpt lat="52.373685" lon="4.962564">
        <ele>2</ele>
      </trkpt>
      <trkpt lat="52.373841" lon="4.962562">
        <ele>2.13</ele>
      </trkpt>
      <trkpt lat="52.373922" lon="4.962541">
        <ele>2.23</ele>
      </trkpt>
      <trkpt lat="52.374069" lon="4.962556">
        <ele>2.41</ele>
      </trkpt>
      <trkpt lat="52.374261" lon="4.962599">
        <ele>2.64</ele>
      </trkpt>
      <trkpt lat="52.374383" lon="4.962647">
        <ele>2.78</ele>
      </trkpt>
      <trkpt lat="52.37457" lon="4.962744">
        <ele>2.99</ele>
      </trkpt>
      <trkpt lat="52.374847" lon="4.962909">
        <ele>2.83</ele>
      </trkpt>
      <trkpt lat="52.375209" lon="4.963035">
        <ele>2.73</ele>
      </trkpt>
      <trkpt lat="52.375239" lon="4.963058">
        <ele>2.74</ele>
      </trkpt>
      <trkpt lat="52.375282" lon="4.963054">
        <ele>2.72</ele>
      </trkpt>
      <trkpt lat="52.375335" lon="4.963086">
        <ele>2.73</ele>
      </trkpt>
      <trkpt lat="52.375546" lon="4.963254">
        <ele>2.55</ele>
      </trkpt>
      <trkpt lat="52.375899" lon="4.96359">
        <ele>2.11</ele>
      </trkpt>
      <trkpt lat="52.376165" lon="4.963876">
        <ele>1.81</ele>
      </trkpt>
      <trkpt lat="52.376445" lon="4.964221">
        <ele>1.72</ele>
      </trkpt>
      <trkpt lat="52.379624" lon="4.968481">
        <ele>0.62</ele>
      </trkpt>
      <trkpt lat="52.380005" lon="4.968977">
        <ele>0.49</ele>
      </trkpt>
      <trkpt lat="52.38022" lon="4.969227">
        <ele>0.42</ele>
      </trkpt>
      <trkpt lat="52.380597" lon="4.969608">
        <ele>0.31</ele>
      </trkpt>
      <trkpt lat="52.381094" lon="4.970005">
        <ele>0.17</ele>
      </trkpt>
      <trkpt lat="52.381281" lon="4.970132">
        <ele>0.29</ele>
      </trkpt>
      <trkpt lat="52.381612" lon="4.970329">
        <ele>1.32</ele>
      </trkpt>
      <trkpt lat="52.381835" lon="4.970436">
        <ele>1.98</ele>
      </trkpt>
      <trkpt lat="52.382123" lon="4.97055">
        <ele>2.67</ele>
      </trkpt>
      <trkpt lat="52.38235" lon="4.970617">
        <ele>2.75</ele>
      </trkpt>
      <trkpt lat="52.382394" lon="4.97064">
        <ele>2.77</ele>
      </trkpt>
      <trkpt lat="52.382425" lon="4.970678">
        <ele>2.82</ele>
      </trkpt>
      <trkpt lat="52.382442" lon="4.97074">
        <ele>2.89</ele>
      </trkpt>
      <trkpt lat="52.382471" lon="4.97079">
        <ele>2.95</ele>
      </trkpt>
      <trkpt lat="52.382507" lon="4.970824">
        <ele>2.99</ele>
      </trkpt>
      <trkpt lat="52.382547" lon="4.970838">
        <ele>3</ele>
      </trkpt>
      <trkpt lat="52.38259" lon="4.971127">
        <ele>3</ele>
      </trkpt>
      <trkpt lat="52.382602" lon="4.971257">
        <ele>3</ele>
      </trkpt>
      <trkpt lat="52.382599" lon="4.971304">
        <ele>3</ele>
      </trkpt>
      <trkpt lat="52.382797" lon="4.971524">
        <ele>3</ele>
      </trkpt>
      <trkpt lat="52.382822" lon="4.971611">
        <ele>3</ele>
      </trkpt>
      <trkpt lat="52.383264" lon="4.973728">
        <ele>1.96</ele>
      </trkpt>
      <trkpt lat="52.383279" lon="4.973843">
        <ele>1.84</ele>
      </trkpt>
      <trkpt lat="52.383288" lon="4.974081">
        <ele>1.57</ele>
      </trkpt>
      <trkpt lat="52.38331" lon="4.97435">
        <ele>1.38</ele>
      </trkpt>
      <trkpt lat="52.383628" lon="4.975854">
        <ele>0</ele>
      </trkpt>
      <trkpt lat="52.38372" lon="4.976386">
        <ele>0</ele>
      </trkpt>
      <trkpt lat="52.384196" lon="4.978481">
        <ele>-0.62</ele>
      </trkpt>
      <trkpt lat="52.384377" lon="4.979216">
        <ele>-1.22</ele>
      </trkpt>
      <trkpt lat="52.384453" lon="4.979442">
        <ele>-1.13</ele>
      </trkpt>
      <trkpt lat="52.384531" lon="4.979714">
        <ele>-1.04</ele>
      </trkpt>
      <trkpt lat="52.384707" lon="4.980252">
        <ele>-0.86</ele>
      </trkpt>
      <trkpt lat="52.384973" lon="4.981015">
        <ele>-0.49</ele>
      </trkpt>
      <trkpt lat="52.385299" lon="4.981909">
        <ele>-0.85</ele>
      </trkpt>
      <trkpt lat="52.385423" lon="4.982107">
        <ele>-1.02</ele>
      </trkpt>
      <trkpt lat="52.38558" lon="4.982328">
        <ele>-1.17</ele>
      </trkpt>
      <trkpt lat="52.38611" lon="4.983013">
        <ele>-1.85</ele>
      </trkpt>
      <trkpt lat="52.38618" lon="4.983088">
        <ele>-1.94</ele>
      </trkpt>
      <trkpt lat="52.3864" lon="4.983245">
        <ele>-1.8</ele>
      </trkpt>
      <trkpt lat="52.38688" lon="4.98347">
        <ele>-1.35</ele>
      </trkpt>
      <trkpt lat="52.387118" lon="4.983547">
        <ele>-1.31</ele>
      </trkpt>
      <trkpt lat="52.387224" lon="4.983615">
        <ele>-1.47</ele>
      </trkpt>
      <trkpt lat="52.3873" lon="4.983707">
        <ele>-1.61</ele>
      </trkpt>
      <trkpt lat="52.387444" lon="4.983978">
        <ele>-1.88</ele>
      </trkpt>
      <trkpt lat="52.387544" lon="4.98422">
        <ele>-2</ele>
      </trkpt>
      <trkpt lat="52.387776" lon="4.984834">
        <ele>-2</ele>
      </trkpt>
      <trkpt lat="52.387928" lon="4.985204">
        <ele>-1.77</ele>
      </trkpt>
      <trkpt lat="52.38818" lon="4.985808">
        <ele>-1.68</ele>
      </trkpt>
      <trkpt lat="52.388507" lon="4.986637">
        <ele>-2.46</ele>
      </trkpt>
      <trkpt lat="52.389091" lon="4.988274">
        <ele>-2.03</ele>
      </trkpt>
      <trkpt lat="52.389348" lon="4.98894">
        <ele>-1.46</ele>
      </trkpt>
      <trkpt lat="52.389479" lon="4.989211">
        <ele>-1.1</ele>
      </trkpt>
      <trkpt lat="52.389577" lon="4.989439">
        <ele>-1.01</ele>
      </trkpt>
      <trkpt lat="52.38974" lon="4.989915">
        <ele>-1.02</ele>
      </trkpt>
      <trkpt lat="52.389847" lon="4.9905">
        <ele>-0.8</ele>
      </trkpt>
      <trkpt lat="52.39003" lon="4.99122">
        <ele>-0.91</ele>
      </trkpt>
      <trkpt lat="52.390128" lon="4.991799">
        <ele>-1.48</ele>
      </trkpt>
      <trkpt lat="52.39022" lon="4.992413">
        <ele>-2.11</ele>
      </trkpt>
      <trkpt lat="52.39028" lon="4.992895">
        <ele>-2.14</ele>
      </trkpt>
      <trkpt lat="52.390355" lon="4.993334">
        <ele>-2.05</ele>
      </trkpt>
      <trkpt lat="52.39037" lon="4.99348">
        <ele>-2.03</ele>
      </trkpt>
      <trkpt lat="52.39046" lon="4.994046">
        <ele>-2</ele>
      </trkpt>
      <trkpt lat="52.390615" lon="4.995143">
        <ele>-1.96</ele>
      </trkpt>
      <trkpt lat="52.390666" lon="4.995283">
        <ele>-1.89</ele>
      </trkpt>
      <trkpt lat="52.39069" lon="4.995329">
        <ele>-1.86</ele>
      </trkpt>
      <trkpt lat="52.39073" lon="4.995404">
        <ele>-1.81</ele>
      </trkpt>
      <trkpt lat="52.390706" lon="4.99549">
        <ele>-1.78</ele>
      </trkpt>
      <trkpt lat="52.390699" lon="4.995571">
        <ele>-1.75</ele>
      </trkpt>
      <trkpt lat="52.390705" lon="4.995657">
        <ele>-1.71</ele>
      </trkpt>
      <trkpt lat="52.390787" lon="4.996041">
        <ele>-1.53</ele>
      </trkpt>
      <trkpt lat="52.390861" lon="4.99642">
        <ele>-1.45</ele>
      </trkpt>
      <trkpt lat="52.39105" lon="4.997819">
        <ele>-1.22</ele>
      </trkpt>
      <trkpt lat="52.391194" lon="4.998785">
        <ele>-0.5</ele>
      </trkpt>
      <trkpt lat="52.39133" lon="4.999455">
        <ele>-0.12</ele>
      </trkpt>
      <trkpt lat="52.39146" lon="5.000466">
        <ele>-1.68</ele>
      </trkpt>
      <trkpt lat="52.391462" lon="5.000648">
        <ele>-1.84</ele>
      </trkpt>
      <trkpt lat="52.391454" lon="5.000727">
        <ele>-1.91</ele>
      </trkpt>
      <trkpt lat="52.391409" lon="5.000911">
        <ele>-2.07</ele>
      </trkpt>
      <trkpt lat="52.391384" lon="5.000978">
        <ele>-2.14</ele>
      </trkpt>
      <trkpt lat="52.391335" lon="5.001069">
        <ele>-2.25</ele>
      </trkpt>
      <trkpt lat="52.391264" lon="5.001149">
        <ele>-2.36</ele>
      </trkpt>
      <trkpt lat="52.391205" lon="5.001193">
        <ele>-2.43</ele>
      </trkpt>
      <trkpt lat="52.390988" lon="5.001301">
        <ele>-2.53</ele>
      </trkpt>
      <trkpt lat="52.390365" lon="5.001581">
        <ele>-2.06</ele>
      </trkpt>
      <trkpt lat="52.390123" lon="5.00171">
        <ele>-1.67</ele>
      </trkpt>
      <trkpt lat="52.389855" lon="5.001883">
        <ele>-1.35</ele>
      </trkpt>
      <trkpt lat="52.389316" lon="5.002125">
        <ele>-1.3</ele>
      </trkpt>
      <trkpt lat="52.388852" lon="5.002366">
        <ele>-1.85</ele>
      </trkpt>
      <trkpt lat="52.388417" lon="5.002411">
        <ele>-1.62</ele>
      </trkpt>
      <trkpt lat="52.38834" lon="5.002428">
        <ele>-1.53</ele>
      </trkpt>
      <trkpt lat="52.387469" lon="5.002795">
        <ele>-1.18</ele>
      </trkpt>
      <trkpt lat="52.387369" lon="5.0028">
        <ele>-1.23</ele>
      </trkpt>
      <trkpt lat="52.387269" lon="5.002781">
        <ele>-1.25</ele>
      </trkpt>
      <trkpt lat="52.38718" lon="5.002751">
        <ele>-1.26</ele>
      </trkpt>
      <trkpt lat="52.386938" lon="5.002619">
        <ele>-1.38</ele>
      </trkpt>
      <trkpt lat="52.386811" lon="5.002562">
        <ele>-1.61</ele>
      </trkpt>
      <trkpt lat="52.38669" lon="5.002545">
        <ele>-1.88</ele>
      </trkpt>
      <trkpt lat="52.386156" lon="5.002651">
        <ele>-2.56</ele>
      </trkpt>
      <trkpt lat="52.385767" lon="5.00267">
        <ele>-2.15</ele>
      </trkpt>
      <trkpt lat="52.385549" lon="5.002701">
        <ele>-1.9</ele>
      </trkpt>
      <trkpt lat="52.385399" lon="5.002697">
        <ele>-1.77</ele>
      </trkpt>
      <trkpt lat="52.385305" lon="5.00268">
        <ele>-1.81</ele>
      </trkpt>
      <trkpt lat="52.38517" lon="5.002631">
        <ele>-1.89</ele>
      </trkpt>
      <trkpt lat="52.384848" lon="5.00244">
        <ele>-2.03</ele>
      </trkpt>
      <trkpt lat="52.384072" lon="5.002114">
        <ele>-2</ele>
      </trkpt>
      <trkpt lat="52.383794" lon="5.002029">
        <ele>-2</ele>
      </trkpt>
      <trkpt lat="52.383587" lon="5.001994">
        <ele>-1.83</ele>
      </trkpt>
      <trkpt lat="52.383366" lon="5.001995">
        <ele>-1.56</ele>
      </trkpt>
      <trkpt lat="52.383147" lon="5.002021">
        <ele>-1.3</ele>
      </trkpt>
      <trkpt lat="52.381609" lon="5.002255">
        <ele>-0.29</ele>
      </trkpt>
      <trkpt lat="52.38142" lon="5.00229">
        <ele>-0.03</ele>
      </trkpt>
      <trkpt lat="52.381391" lon="5.00231">
        <ele>-0.01</ele>
      </trkpt>
      <trkpt lat="52.381347" lon="5.00237">
        <ele>-0.01</ele>
      </trkpt>
      <trkpt lat="52.381326" lon="5.002454">
        <ele>-0.07</ele>
      </trkpt>
      <trkpt lat="52.381326" lon="5.002543">
        <ele>-0.21</ele>
      </trkpt>
      <trkpt lat="52.381387" lon="5.002772">
        <ele>-0.72</ele>
      </trkpt>
      <trkpt lat="52.381924" lon="5.004553">
        <ele>-1.17</ele>
      </trkpt>
      <trkpt lat="52.382193" lon="5.005537">
        <ele>-0.64</ele>
      </trkpt>
      <trkpt lat="52.382425" lon="5.006322">
        <ele>-0.03</ele>
      </trkpt>
      <trkpt lat="52.383058" lon="5.008686">
        <ele>-0.19</ele>
      </trkpt>
      <trkpt lat="52.383206" lon="5.009163">
        <ele>-0.37</ele>
      </trkpt>
      <trkpt lat="52.383854" lon="5.011126">
        <ele>-0.2</ele>
      </trkpt>
      <trkpt lat="52.384252" lon="5.012361">
        <ele>-1.56</ele>
      </trkpt>
      <trkpt lat="52.384393" lon="5.012757">
        <ele>-1.61</ele>
      </trkpt>
      <trkpt lat="52.384718" lon="5.013525">
        <ele>-1</ele>
      </trkpt>
      <trkpt lat="52.384785" lon="5.013701">
        <ele>-0.94</ele>
      </trkpt>
      <trkpt lat="52.384821" lon="5.013827">
        <ele>-0.9</ele>
      </trkpt>
      <trkpt lat="52.384846" lon="5.013999">
        <ele>-0.81</ele>
      </trkpt>
      <trkpt lat="52.384844" lon="5.014129">
        <ele>-0.7</ele>
      </trkpt>
      <trkpt lat="52.384825" lon="5.014299">
        <ele>-0.47</ele>
      </trkpt>
      <trkpt lat="52.384774" lon="5.01462">
        <ele>0.04</ele>
      </trkpt>
      <trkpt lat="52.384501" lon="5.015778">
        <ele>1</ele>
      </trkpt>
      <trkpt lat="52.384433" lon="5.016171">
        <ele>1</ele>
      </trkpt>
      <trkpt lat="52.384425" lon="5.016388">
        <ele>1</ele>
      </trkpt>
      <trkpt lat="52.38444" lon="5.01663">
        <ele>1</ele>
      </trkpt>
      <trkpt lat="52.384465" lon="5.016788">
        <ele>1</ele>
      </trkpt>
      <trkpt lat="52.384528" lon="5.017015">
        <ele>1</ele>
      </trkpt>
      <trkpt lat="52.384597" lon="5.017191">
        <ele>0.92</ele>
      </trkpt>
      <trkpt lat="52.384724" lon="5.017423">
        <ele>0.62</ele>
      </trkpt>
      <trkpt lat="52.384922" lon="5.017684">
        <ele>0.14</ele>
      </trkpt>
      <trkpt lat="52.38501" lon="5.017776">
        <ele>-0.07</ele>
      </trkpt>
      <trkpt lat="52.385187" lon="5.017925">
        <ele>-0.49</ele>
      </trkpt>
      <trkpt lat="52.385279" lon="5.017985">
        <ele>-0.72</ele>
      </trkpt>
      <trkpt lat="52.385774" lon="5.018241">
        <ele>-0.2</ele>
      </trkpt>
      <trkpt lat="52.386569" lon="5.018673">
        <ele>-0.05</ele>
      </trkpt>
      <trkpt lat="52.386675" lon="5.018784">
        <ele>-0.31</ele>
      </trkpt>
      <trkpt lat="52.386775" lon="5.018969">
        <ele>-0.46</ele>
      </trkpt>
      <trkpt lat="52.38699" lon="5.019577">
        <ele>-0.38</ele>
      </trkpt>
      <trkpt lat="52.38713" lon="5.020008">
        <ele>-0.16</ele>
      </trkpt>
      <trkpt lat="52.387225" lon="5.020333">
        <ele>-0.39</ele>
      </trkpt>
      <trkpt lat="52.387406" lon="5.021001">
        <ele>-0.82</ele>
      </trkpt>
      <trkpt lat="52.387688" lon="5.022129">
        <ele>-1.45</ele>
      </trkpt>
      <trkpt lat="52.38772" lon="5.022294">
        <ele>-1.25</ele>
      </trkpt>
      <trkpt lat="52.387766" lon="5.022606">
        <ele>-0.88</ele>
      </trkpt>
      <trkpt lat="52.387825" lon="5.023249">
        <ele>-0.11</ele>
      </trkpt>
      <trkpt lat="52.387872" lon="5.023518">
        <ele>0</ele>
      </trkpt>
      <trkpt lat="52.388084" lon="5.024425">
        <ele>0</ele>
      </trkpt>
      <trkpt lat="52.388133" lon="5.02458">
        <ele>0</ele>
      </trkpt>
      <trkpt lat="52.388216" lon="5.024733">
        <ele>0</ele>
      </trkpt>
      <trkpt lat="52.388285" lon="5.024812">
        <ele>0</ele>
      </trkpt>
      <trkpt lat="52.38838" lon="5.024881">
        <ele>0</ele>
      </trkpt>
      <trkpt lat="52.388527" lon="5.024909">
        <ele>0</ele>
      </trkpt>
      <trkpt lat="52.388813" lon="5.024883">
        <ele>0</ele>
      </trkpt>
      <trkpt lat="52.389054" lon="5.024912">
        <ele>0</ele>
      </trkpt>
      <trkpt lat="52.389438" lon="5.025042">
        <ele>0</ele>
      </trkpt>
      <trkpt lat="52.389626" lon="5.02512">
        <ele>0</ele>
      </trkpt>
      <trkpt lat="52.389855" lon="5.025278">
        <ele>0</ele>
      </trkpt>
      <trkpt lat="52.389977" lon="5.025341">
        <ele>0</ele>
      </trkpt>
      <trkpt lat="52.390062" lon="5.025378">
        <ele>0</ele>
      </trkpt>
      <trkpt lat="52.39044" lon="5.025479">
        <ele>-0.12</ele>
      </trkpt>
      <trkpt lat="52.390701" lon="5.02557">
        <ele>-0.84</ele>
      </trkpt>
      <trkpt lat="52.390971" lon="5.025709">
        <ele>-1.48</ele>
      </trkpt>
      <trkpt lat="52.391191" lon="5.02584">
        <ele>-1.9</ele>
      </trkpt>
      <trkpt lat="52.391377" lon="5.025929">
        <ele>-1.98</ele>
      </trkpt>
      <trkpt lat="52.391476" lon="5.025964">
        <ele>-1.96</ele>
      </trkpt>
      <trkpt lat="52.392006" lon="5.026092">
        <ele>-1.72</ele>
      </trkpt>
      <trkpt lat="52.392415" lon="5.026243">
        <ele>-1.51</ele>
      </trkpt>
      <trkpt lat="52.39257" lon="5.026274">
        <ele>-1.48</ele>
      </trkpt>
      <trkpt lat="52.392755" lon="5.026346">
        <ele>-1.39</ele>
      </trkpt>
      <trkpt lat="52.392857" lon="5.02642">
        <ele>-1.3</ele>
      </trkpt>
      <trkpt lat="52.392945" lon="5.026513">
        <ele>-1.13</ele>
      </trkpt>
      <trkpt lat="52.393122" lon="5.026741">
        <ele>-0.73</ele>
      </trkpt>
      <trkpt lat="52.393232" lon="5.026857">
        <ele>-0.6</ele>
      </trkpt>
      <trkpt lat="52.393444" lon="5.027019">
        <ele>-0.35</ele>
      </trkpt>
      <trkpt lat="52.393647" lon="5.027128">
        <ele>-0.1</ele>
      </trkpt>
      <trkpt lat="52.393819" lon="5.027169">
        <ele>-0.15</ele>
      </trkpt>
      <trkpt lat="52.394094" lon="5.027203">
        <ele>-0.59</ele>
      </trkpt>
      <trkpt lat="52.394265" lon="5.027239">
        <ele>-0.84</ele>
      </trkpt>
      <trkpt lat="52.394941" lon="5.027454">
        <ele>-1.48</ele>
      </trkpt>
      <trkpt lat="52.395087" lon="5.027521">
        <ele>-1.61</ele>
      </trkpt>
      <trkpt lat="52.395197" lon="5.02759">
        <ele>-1.68</ele>
      </trkpt>
      <trkpt lat="52.395345" lon="5.02773">
        <ele>-1.68</ele>
      </trkpt>
      <trkpt lat="52.395442" lon="5.02784">
        <ele>-1.62</ele>
      </trkpt>
      <trkpt lat="52.395656" lon="5.028147">
        <ele>-1.47</ele>
      </trkpt>
      <trkpt lat="52.39575" lon="5.028229">
        <ele>-1.5</ele>
      </trkpt>
      <trkpt lat="52.395867" lon="5.028286">
        <ele>-1.59</ele>
      </trkpt>
      <trkpt lat="52.395961" lon="5.028304">
        <ele>-1.69</ele>
      </trkpt>
      <trkpt lat="52.396019" lon="5.028301">
        <ele>-1.76</ele>
      </trkpt>
      <trkpt lat="52.396307" lon="5.028233">
        <ele>-2</ele>
      </trkpt>
      <trkpt lat="52.396513" lon="5.028253">
        <ele>-2</ele>
      </trkpt>
      <trkpt lat="52.397604" lon="5.028653">
        <ele>-1.22</ele>
      </trkpt>
      <trkpt lat="52.398587" lon="5.029171">
        <ele>-1.83</ele>
      </trkpt>
      <trkpt lat="52.39865" lon="5.029192">
        <ele>-1.9</ele>
      </trkpt>
      <trkpt lat="52.398849" lon="5.029194">
        <ele>-1.85</ele>
      </trkpt>
      <trkpt lat="52.398968" lon="5.029208">
        <ele>-1.69</ele>
      </trkpt>
      <trkpt lat="52.399074" lon="5.029265">
        <ele>-1.5</ele>
      </trkpt>
      <trkpt lat="52.399586" lon="5.029735">
        <ele>0.34</ele>
      </trkpt>
      <trkpt lat="52.400256" lon="5.030433">
        <ele>0.17</ele>
      </trkpt>
      <trkpt lat="52.400446" lon="5.030611">
        <ele>-0.13</ele>
      </trkpt>
      <trkpt lat="52.401057" lon="5.03111">
        <ele>-1.06</ele>
      </trkpt>
      <trkpt lat="52.401176" lon="5.031264">
        <ele>-0.91</ele>
      </trkpt>
      <trkpt lat="52.401247" lon="5.031412">
        <ele>-0.67</ele>
      </trkpt>
      <trkpt lat="52.401352" lon="5.031713">
        <ele>-0.41</ele>
      </trkpt>
      <trkpt lat="52.401463" lon="5.032119">
        <ele>-0.53</ele>
      </trkpt>
      <trkpt lat="52.401553" lon="5.032322">
        <ele>-0.55</ele>
      </trkpt>
      <trkpt lat="52.401611" lon="5.032432">
        <ele>-0.53</ele>
      </trkpt>
      <trkpt lat="52.401773" lon="5.032641">
        <ele>-0.44</ele>
      </trkpt>
      <trkpt lat="52.40255" lon="5.033416">
        <ele>-0.1</ele>
      </trkpt>
      <trkpt lat="52.402702" lon="5.033557">
        <ele>-0.33</ele>
      </trkpt>
      <trkpt lat="52.402813" lon="5.033729">
        <ele>-0.37</ele>
      </trkpt>
      <trkpt lat="52.402857" lon="5.033817">
        <ele>-0.35</ele>
      </trkpt>
      <trkpt lat="52.402916" lon="5.033983">
        <ele>-0.28</ele>
      </trkpt>
      <trkpt lat="52.403272" lon="5.03518">
        <ele>0.1</ele>
      </trkpt>
      <trkpt lat="52.403424" lon="5.035571">
        <ele>-0.76</ele>
      </trkpt>
      <trkpt lat="52.403523" lon="5.035781">
        <ele>-1.22</ele>
      </trkpt>
      <trkpt lat="52.403565" lon="5.035849">
        <ele>-1.38</ele>
      </trkpt>
      <trkpt lat="52.403754" lon="5.036169">
        <ele>-1.63</ele>
      </trkpt>
      <trkpt lat="52.403853" lon="5.036303">
        <ele>-1.59</ele>
      </trkpt>
      <trkpt lat="52.403974" lon="5.036459">
        <ele>-1.54</ele>
      </trkpt>
      <trkpt lat="52.404162" lon="5.03666">
        <ele>-1.53</ele>
      </trkpt>
      <trkpt lat="52.404365" lon="5.036905">
        <ele>-1.55</ele>
      </trkpt>
      <trkpt lat="52.404616" lon="5.037285">
        <ele>-1.32</ele>
      </trkpt>
      <trkpt lat="52.404757" lon="5.037464">
        <ele>-1.28</ele>
      </trkpt>
      <trkpt lat="52.404901" lon="5.037622">
        <ele>-1.34</ele>
      </trkpt>
      <trkpt lat="52.404986" lon="5.037749">
        <ele>-1.36</ele>
      </trkpt>
      <trkpt lat="52.405071" lon="5.037919">
        <ele>-1.3</ele>
      </trkpt>
      <trkpt lat="52.405135" lon="5.038074">
        <ele>-1.22</ele>
      </trkpt>
      <trkpt lat="52.405247" lon="5.038438">
        <ele>-1</ele>
      </trkpt>
      <trkpt lat="52.4053" lon="5.038659">
        <ele>-1</ele>
      </trkpt>
      <trkpt lat="52.405339" lon="5.038864">
        <ele>-1</ele>
      </trkpt>
      <trkpt lat="52.405382" lon="5.039149">
        <ele>-1</ele>
      </trkpt>
      <trkpt lat="52.405473" lon="5.039886">
        <ele>-1.17</ele>
      </trkpt>
      <trkpt lat="52.405551" lon="5.040715">
        <ele>-1.21</ele>
      </trkpt>
      <trkpt lat="52.405663" lon="5.041192">
        <ele>-1.18</ele>
      </trkpt>
      <trkpt lat="52.405772" lon="5.041502">
        <ele>-1.09</ele>
      </trkpt>
      <trkpt lat="52.405942" lon="5.041818">
        <ele>-0.83</ele>
      </trkpt>
      <trkpt lat="52.406161" lon="5.042135">
        <ele>-0.45</ele>
      </trkpt>
      <trkpt lat="52.406217" lon="5.042241">
        <ele>-0.32</ele>
      </trkpt>
      <trkpt lat="52.406335" lon="5.042564">
        <ele>-0.17</ele>
      </trkpt>
      <trkpt lat="52.406376" lon="5.042759">
        <ele>-0.04</ele>
      </trkpt>
      <trkpt lat="52.406402" lon="5.042927">
        <ele>0.1</ele>
      </trkpt>
      <trkpt lat="52.406428" lon="5.043323">
        <ele>0.51</ele>
      </trkpt>
      <trkpt lat="52.406453" lon="5.043457">
        <ele>0.47</ele>
      </trkpt>
      <trkpt lat="52.406487" lon="5.043597">
        <ele>0.4</ele>
      </trkpt>
      <trkpt lat="52.406561" lon="5.043839">
        <ele>0.22</ele>
      </trkpt>
      <trkpt lat="52.406751" lon="5.044517">
        <ele>0.02</ele>
      </trkpt>
      <trkpt lat="52.406848" lon="5.044913">
        <ele>0.18</ele>
      </trkpt>
      <trkpt lat="52.406986" lon="5.045653">
        <ele>0</ele>
      </trkpt>
      <trkpt lat="52.407033" lon="5.045798">
        <ele>0</ele>
      </trkpt>
      <trkpt lat="52.407115" lon="5.04594">
        <ele>-0.05</ele>
      </trkpt>
      <trkpt lat="52.407179" lon="5.046002">
        <ele>-0.11</ele>
      </trkpt>
      <trkpt lat="52.408339" lon="5.046908">
        <ele>-0.07</ele>
      </trkpt>
      <trkpt lat="52.408339" lon="5.046908">
        <ele>-0.07</ele>
      </trkpt>
      <trkpt lat="52.408664" lon="5.047164">
        <ele>0</ele>
      </trkpt>
      <trkpt lat="52.408949" lon="5.047526">
        <ele>0.01</ele>
      </trkpt>
      <trkpt lat="52.409021" lon="5.04759">
        <ele>0.03</ele>
      </trkpt>
      <trkpt lat="52.409125" lon="5.04765">
        <ele>0.08</ele>
      </trkpt>
      <trkpt lat="52.409388" lon="5.047767">
        <ele>0.24</ele>
      </trkpt>
      <trkpt lat="52.409542" lon="5.04788">
        <ele>0.43</ele>
      </trkpt>
      <trkpt lat="52.41001" lon="5.048269">
        <ele>0.38</ele>
      </trkpt>
      <trkpt lat="52.410886" lon="5.049044">
        <ele>-0.67</ele>
      </trkpt>
      <trkpt lat="52.411197" lon="5.049341">
        <ele>-0.57</ele>
      </trkpt>
      <trkpt lat="52.411723" lon="5.049753">
        <ele>-0.6</ele>
      </trkpt>
      <trkpt lat="52.411926" lon="5.049926">
        <ele>-0.77</ele>
      </trkpt>
      <trkpt lat="52.412646" lon="5.050567">
        <ele>-0.76</ele>
      </trkpt>
      <trkpt lat="52.412745" lon="5.050667">
        <ele>-0.53</ele>
      </trkpt>
      <trkpt lat="52.412828" lon="5.050767">
        <ele>-0.25</ele>
      </trkpt>
      <trkpt lat="52.412913" lon="5.050912">
        <ele>0.24</ele>
      </trkpt>
      <trkpt lat="52.412964" lon="5.051047">
        <ele>0.63</ele>
      </trkpt>
      <trkpt lat="52.413089" lon="5.05149">
        <ele>1.76</ele>
      </trkpt>
      <trkpt lat="52.413405" lon="5.052198">
        <ele>1.19</ele>
      </trkpt>
      <trkpt lat="52.413528" lon="5.052513">
        <ele>0.01</ele>
      </trkpt>
      <trkpt lat="52.414316" lon="5.054657">
        <ele>1</ele>
      </trkpt>
      <trkpt lat="52.414349" lon="5.054735">
        <ele>1</ele>
      </trkpt>
      <trkpt lat="52.414545" lon="5.055024">
        <ele>1</ele>
      </trkpt>
      <trkpt lat="52.414616" lon="5.055149">
        <ele>0.83</ele>
      </trkpt>
      <trkpt lat="52.414702" lon="5.055366">
        <ele>0.52</ele>
      </trkpt>
      <trkpt lat="52.41484" lon="5.055826">
        <ele>0.02</ele>
      </trkpt>
      <trkpt lat="52.41492" lon="5.056128">
        <ele>-0.26</ele>
      </trkpt>
      <trkpt lat="52.41502" lon="5.056551">
        <ele>-0.62</ele>
      </trkpt>
      <trkpt lat="52.415077" lon="5.056905">
        <ele>-0.83</ele>
      </trkpt>
      <trkpt lat="52.415113" lon="5.057341">
        <ele>-0.96</ele>
      </trkpt>
      <trkpt lat="52.415122" lon="5.057636">
        <ele>-0.99</ele>
      </trkpt>
      <trkpt lat="52.415102" lon="5.057991">
        <ele>-0.92</ele>
      </trkpt>
      <trkpt lat="52.414948" lon="5.059388">
        <ele>-1.34</ele>
      </trkpt>
      <trkpt lat="52.41487" lon="5.059975">
        <ele>-1.02</ele>
      </trkpt>
      <trkpt lat="52.414786" lon="5.060523">
        <ele>-1</ele>
      </trkpt>
      <trkpt lat="52.414728" lon="5.060801">
        <ele>-1</ele>
      </trkpt>
      <trkpt lat="52.414629" lon="5.061182">
        <ele>-0.59</ele>
      </trkpt>
      <trkpt lat="52.414602" lon="5.061356">
        <ele>-0.39</ele>
      </trkpt>
      <trkpt lat="52.414591" lon="5.06161">
        <ele>-0.08</ele>
      </trkpt>
      <trkpt lat="52.414598" lon="5.061948">
        <ele>-0.01</ele>
      </trkpt>
      <trkpt lat="52.414591" lon="5.062104">
        <ele>-0.01</ele>
      </trkpt>
      <trkpt lat="52.414567" lon="5.062361">
        <ele>0</ele>
      </trkpt>
      <trkpt lat="52.41443" lon="5.063315">
        <ele>0</ele>
      </trkpt>
      <trkpt lat="52.414303" lon="5.064064">
        <ele>0</ele>
      </trkpt>
      <trkpt lat="52.414238" lon="5.064428">
        <ele>-0.3</ele>
      </trkpt>
      <trkpt lat="52.414071" lon="5.065269">
        <ele>-0.4</ele>
      </trkpt>
      <trkpt lat="52.413821" lon="5.066679">
        <ele>0.79</ele>
      </trkpt>
      <trkpt lat="52.413806" lon="5.066828">
        <ele>0.83</ele>
      </trkpt>
      <trkpt lat="52.41382" lon="5.066927">
        <ele>0.8</ele>
      </trkpt>
      <trkpt lat="52.413836" lon="5.066975">
        <ele>0.76</ele>
      </trkpt>
      <trkpt lat="52.413885" lon="5.067047">
        <ele>0.64</ele>
      </trkpt>
      <trkpt lat="52.41392" lon="5.067073">
        <ele>0.56</ele>
      </trkpt>
      <trkpt lat="52.414168" lon="5.067141">
        <ele>-0.04</ele>
      </trkpt>
      <trkpt lat="52.41455" lon="5.067268">
        <ele>-0.95</ele>
      </trkpt>
      <trkpt lat="52.414686" lon="5.067333">
        <ele>-1.14</ele>
      </trkpt>
      <trkpt lat="52.414903" lon="5.067476">
        <ele>-1.4</ele>
      </trkpt>
      <trkpt lat="52.415024" lon="5.06758">
        <ele>-1.46</ele>
      </trkpt>
      <trkpt lat="52.415178" lon="5.067735">
        <ele>-1.46</ele>
      </trkpt>
      <trkpt lat="52.415278" lon="5.067808">
        <ele>-1.49</ele>
      </trkpt>
      <trkpt lat="52.415365" lon="5.067862">
        <ele>-1.53</ele>
      </trkpt>
      <trkpt lat="52.415529" lon="5.067936">
        <ele>-1.57</ele>
      </trkpt>
      <trkpt lat="52.41556" lon="5.06796">
        <ele>-1.56</ele>
      </trkpt>
      <trkpt lat="52.415683" lon="5.06811">
        <ele>-1.52</ele>
      </trkpt>
      <trkpt lat="52.415746" lon="5.068144">
        <ele>-1.55</ele>
      </trkpt>
      <trkpt lat="52.415793" lon="5.068154">
        <ele>-1.59</ele>
      </trkpt>
      <trkpt lat="52.415867" lon="5.068145">
        <ele>-1.66</ele>
      </trkpt>
      <trkpt lat="52.416147" lon="5.068035">
        <ele>-1.93</ele>
      </trkpt>
      <trkpt lat="52.416291" lon="5.067992">
        <ele>-1.9</ele>
      </trkpt>
      <trkpt lat="52.416486" lon="5.067958">
        <ele>-1.54</ele>
      </trkpt>
      <trkpt lat="52.416616" lon="5.067954">
        <ele>-1.3</ele>
      </trkpt>
      <trkpt lat="52.416705" lon="5.067933">
        <ele>-1.15</ele>
      </trkpt>
      <trkpt lat="52.416797" lon="5.067888">
        <ele>-1.02</ele>
      </trkpt>
      <trkpt lat="52.417227" lon="5.067895">
        <ele>-0.45</ele>
      </trkpt>
      <trkpt lat="52.417274" lon="5.067905">
        <ele>-0.41</ele>
      </trkpt>
      <trkpt lat="52.417339" lon="5.067937">
        <ele>-0.32</ele>
      </trkpt>
      <trkpt lat="52.417443" lon="5.068006">
        <ele>-0.14</ele>
      </trkpt>
      <trkpt lat="52.417585" lon="5.068125">
        <ele>0.19</ele>
      </trkpt>
      <trkpt lat="52.417784" lon="5.068331">
        <ele>0.83</ele>
      </trkpt>
      <trkpt lat="52.417862" lon="5.068445">
        <ele>0.95</ele>
      </trkpt>
      <trkpt lat="52.418079" lon="5.068802">
        <ele>0.6</ele>
      </trkpt>
      <trkpt lat="52.418182" lon="5.06897">
        <ele>0.5</ele>
      </trkpt>
      <trkpt lat="52.418736" lon="5.06981">
        <ele>1.52</ele>
      </trkpt>
      <trkpt lat="52.419055" lon="5.07038">
        <ele>1.57</ele>
      </trkpt>
      <trkpt lat="52.419635" lon="5.071081">
        <ele>2.29</ele>
      </trkpt>
      <trkpt lat="52.420014" lon="5.071665">
        <ele>1.32</ele>
      </trkpt>
      <trkpt lat="52.420113" lon="5.071805">
        <ele>0.83</ele>
      </trkpt>
      <trkpt lat="52.420627" lon="5.072483">
        <ele>0.93</ele>
      </trkpt>
      <trkpt lat="52.420673" lon="5.072553">
        <ele>1.1</ele>
      </trkpt>
      <trkpt lat="52.420852" lon="5.072881">
        <ele>1.89</ele>
      </trkpt>
      <trkpt lat="52.420917" lon="5.072973">
        <ele>2.11</ele>
      </trkpt>
      <trkpt lat="52.420956" lon="5.073008">
        <ele>2.19</ele>
      </trkpt>
      <trkpt lat="52.421017" lon="5.073038">
        <ele>2.26</ele>
      </trkpt>
      <trkpt lat="52.421174" lon="5.073038">
        <ele>2.26</ele>
      </trkpt>
      <trkpt lat="52.422148" lon="5.072938">
        <ele>0.47</ele>
      </trkpt>
      <trkpt lat="52.422526" lon="5.072803">
        <ele>-0.01</ele>
      </trkpt>
      <trkpt lat="52.422701" lon="5.072763">
        <ele>-0.23</ele>
      </trkpt>
      <trkpt lat="52.422875" lon="5.072758">
        <ele>-0.39</ele>
      </trkpt>
      <trkpt lat="52.42325" lon="5.072828">
        <ele>-0.56</ele>
      </trkpt>
      <trkpt lat="52.423357" lon="5.072832">
        <ele>-0.65</ele>
      </trkpt>
      <trkpt lat="52.423536" lon="5.0728">
        <ele>-0.83</ele>
      </trkpt>
      <trkpt lat="52.423918" lon="5.072684">
        <ele>-0.74</ele>
      </trkpt>
      <trkpt lat="52.424299" lon="5.072608">
        <ele>-0.25</ele>
      </trkpt>
      <trkpt lat="52.424826" lon="5.072442">
        <ele>-0.39</ele>
      </trkpt>
      <trkpt lat="52.425024" lon="5.072421">
        <ele>-0.65</ele>
      </trkpt>
      <trkpt lat="52.425122" lon="5.072436">
        <ele>-0.75</ele>
      </trkpt>
      <trkpt lat="52.425855" lon="5.072645">
        <ele>-0.84</ele>
      </trkpt>
      <trkpt lat="52.425945" lon="5.072684">
        <ele>-0.79</ele>
      </trkpt>
      <trkpt lat="52.426681" lon="5.073196">
        <ele>-0.18</ele>
      </trkpt>
      <trkpt lat="52.427044" lon="5.073402">
        <ele>0</ele>
      </trkpt>
      <trkpt lat="52.427156" lon="5.073431">
        <ele>0</ele>
      </trkpt>
      <trkpt lat="52.427274" lon="5.073396">
        <ele>0</ele>
      </trkpt>
      <trkpt lat="52.42736" lon="5.073343">
        <ele>0</ele>
      </trkpt>
      <trkpt lat="52.427438" lon="5.07326">
        <ele>-0.1</ele>
      </trkpt>
      <trkpt lat="52.427535" lon="5.073089">
        <ele>-0.31</ele>
      </trkpt>
      <trkpt lat="52.427862" lon="5.072405">
        <ele>-1.13</ele>
      </trkpt>
      <trkpt lat="52.427966" lon="5.072155">
        <ele>-1.32</ele>
      </trkpt>
      <trkpt lat="52.428272" lon="5.071213">
        <ele>-1.36</ele>
      </trkpt>
      <trkpt lat="52.428335" lon="5.071094">
        <ele>-1.33</ele>
      </trkpt>
      <trkpt lat="52.428384" lon="5.071024">
        <ele>-1.3</ele>
      </trkpt>
      <trkpt lat="52.428426" lon="5.070983">
        <ele>-1.27</ele>
      </trkpt>
      <trkpt lat="52.428508" lon="5.070923">
        <ele>-1.21</ele>
      </trkpt>
      <trkpt lat="52.428603" lon="5.070881">
        <ele>-1.13</ele>
      </trkpt>
      <trkpt lat="52.428663" lon="5.070873">
        <ele>-1.06</ele>
      </trkpt>
      <trkpt lat="52.428832" lon="5.07089">
        <ele>-0.83</ele>
      </trkpt>
      <trkpt lat="52.42892" lon="5.070927">
        <ele>-0.68</ele>
      </trkpt>
      <trkpt lat="52.429033" lon="5.070996">
        <ele>-0.47</ele>
      </trkpt>
      <trkpt lat="52.429553" lon="5.071364">
        <ele>0.6</ele>
      </trkpt>
      <trkpt lat="52.429791" lon="5.071564">
        <ele>0.34</ele>
      </trkpt>
      <trkpt lat="52.430011" lon="5.071779">
        <ele>-0.05</ele>
      </trkpt>
      <trkpt lat="52.430236" lon="5.072045">
        <ele>-0.59</ele>
      </trkpt>
      <trkpt lat="52.430976" lon="5.072835">
        <ele>-1.68</ele>
      </trkpt>
      <trkpt lat="52.431106" lon="5.072957">
        <ele>-1.84</ele>
      </trkpt>
      <trkpt lat="52.431252" lon="5.073129">
        <ele>-2</ele>
      </trkpt>
      <trkpt lat="52.431289" lon="5.073184">
        <ele>-2</ele>
      </trkpt>
      <trkpt lat="52.43136" lon="5.073326">
        <ele>-2</ele>
      </trkpt>
      <trkpt lat="52.4314" lon="5.073453">
        <ele>-1.9</ele>
      </trkpt>
      <trkpt lat="52.431507" lon="5.073862">
        <ele>-1.58</ele>
      </trkpt>
      <trkpt lat="52.431592" lon="5.07406">
        <ele>-1.51</ele>
      </trkpt>
      <trkpt lat="52.431687" lon="5.074227">
        <ele>-1.48</ele>
      </trkpt>
      <trkpt lat="52.431943" lon="5.074602">
        <ele>-1.34</ele>
      </trkpt>
      <trkpt lat="52.432173" lon="5.07498">
        <ele>-1.16</ele>
      </trkpt>
      <trkpt lat="52.432228" lon="5.075052">
        <ele>-1.19</ele>
      </trkpt>
      <trkpt lat="52.432335" lon="5.075163">
        <ele>-1.32</ele>
      </trkpt>
      <trkpt lat="52.432466" lon="5.075253">
        <ele>-1.47</ele>
      </trkpt>
      <trkpt lat="52.432537" lon="5.075285">
        <ele>-1.56</ele>
      </trkpt>
      <trkpt lat="52.433253" lon="5.075479">
        <ele>-2</ele>
      </trkpt>
      <trkpt lat="52.433374" lon="5.075526">
        <ele>-2</ele>
      </trkpt>
      <trkpt lat="52.434011" lon="5.075867">
        <ele>-1.99</ele>
      </trkpt>
      <trkpt lat="52.434309" lon="5.07606">
        <ele>-1.83</ele>
      </trkpt>
      <trkpt lat="52.43464" lon="5.07635">
        <ele>-1.44</ele>
      </trkpt>
      <trkpt lat="52.435101" lon="5.076691">
        <ele>-1.63</ele>
      </trkpt>
      <trkpt lat="52.43555" lon="5.076967">
        <ele>-1.83</ele>
      </trkpt>
      <trkpt lat="52.435617" lon="5.076998">
        <ele>-1.75</ele>
      </trkpt>
      <trkpt lat="52.435705" lon="5.077019">
        <ele>-1.64</ele>
      </trkpt>
      <trkpt lat="52.436084" lon="5.077044">
        <ele>-1.19</ele>
      </trkpt>
      <trkpt lat="52.436288" lon="5.077143">
        <ele>-0.94</ele>
      </trkpt>
      <trkpt lat="52.436489" lon="5.077311">
        <ele>-0.7</ele>
      </trkpt>
      <trkpt lat="52.436439" lon="5.077496">
        <ele>-0.76</ele>
      </trkpt>
      <trkpt lat="52.436354" lon="5.077904">
        <ele>-0.86</ele>
      </trkpt>
      <trkpt lat="52.436313" lon="5.078152">
        <ele>-0.91</ele>
      </trkpt>
      <trkpt lat="52.436266" lon="5.078762">
        <ele>-0.97</ele>
      </trkpt>
      <trkpt lat="52.43625" lon="5.081231">
        <ele>-1.98</ele>
      </trkpt>
      <trkpt lat="52.436224" lon="5.082167">
        <ele>-2</ele>
      </trkpt>
      <trkpt lat="52.43616" lon="5.082878">
        <ele>-1.6</ele>
      </trkpt>
      <trkpt lat="52.436129" lon="5.083125">
        <ele>-1.36</ele>
      </trkpt>
      <trkpt lat="52.436061" lon="5.083541">
        <ele>-1.03</ele>
      </trkpt>
      <trkpt lat="52.435928" lon="5.084189">
        <ele>-0.74</ele>
      </trkpt>
      <trkpt lat="52.435792" lon="5.084687">
        <ele>-0.47</ele>
      </trkpt>
      <trkpt lat="52.435639" lon="5.085167">
        <ele>-0.31</ele>
      </trkpt>
      <trkpt lat="52.435439" lon="5.085696">
        <ele>-0.14</ele>
      </trkpt>
      <trkpt lat="52.435196" lon="5.086304">
        <ele>0.55</ele>
      </trkpt>
      <trkpt lat="52.434506" lon="5.087938">
        <ele>0.96</ele>
      </trkpt>
      <trkpt lat="52.434458" lon="5.088096">
        <ele>0.96</ele>
      </trkpt>
      <trkpt lat="52.434427" lon="5.088241">
        <ele>0.98</ele>
      </trkpt>
      <trkpt lat="52.434417" lon="5.088359">
        <ele>1</ele>
      </trkpt>
      <trkpt lat="52.434418" lon="5.088478">
        <ele>1</ele>
      </trkpt>
      <trkpt lat="52.434428" lon="5.088588">
        <ele>1</ele>
      </trkpt>
      <trkpt lat="52.434451" lon="5.088698">
        <ele>1</ele>
      </trkpt>
      <trkpt lat="52.43448" lon="5.088786">
        <ele>1</ele>
      </trkpt>
      <trkpt lat="52.434516" lon="5.088873">
        <ele>1</ele>
      </trkpt>
      <trkpt lat="52.434562" lon="5.088954">
        <ele>1</ele>
      </trkpt>
      <trkpt lat="52.434736" lon="5.089161">
        <ele>1</ele>
      </trkpt>
      <trkpt lat="52.436632" lon="5.090967">
        <ele>0.6</ele>
      </trkpt>
      <trkpt lat="52.437151" lon="5.091448">
        <ele>0.74</ele>
      </trkpt>
      <trkpt lat="52.43789" lon="5.092042">
        <ele>1</ele>
      </trkpt>
      <trkpt lat="52.438426" lon="5.092416">
        <ele>1</ele>
      </trkpt>
      <trkpt lat="52.43863" lon="5.092546">
        <ele>1</ele>
      </trkpt>
      <trkpt lat="52.439193" lon="5.092872">
        <ele>0.46</ele>
      </trkpt>
      <trkpt lat="52.439755" lon="5.093148">
        <ele>0</ele>
      </trkpt>
      <trkpt lat="52.440213" lon="5.093335">
        <ele>0</ele>
      </trkpt>
      <trkpt lat="52.44067" lon="5.093496">
        <ele>0</ele>
      </trkpt>
      <trkpt lat="52.440912" lon="5.093569">
        <ele>0</ele>
      </trkpt>
      <trkpt lat="52.441626" lon="5.09374">
        <ele>0.46</ele>
      </trkpt>
      <trkpt lat="52.442072" lon="5.093814">
        <ele>1</ele>
      </trkpt>
      <trkpt lat="52.442951" lon="5.093937">
        <ele>0</ele>
      </trkpt>
      <trkpt lat="52.447294" lon="5.094517">
        <ele>-2</ele>
      </trkpt>
      <trkpt lat="52.448774" lon="5.09478">
        <ele>-0.99</ele>
      </trkpt>
      <trkpt lat="52.449778" lon="5.095035">
        <ele>-1.24</ele>
      </trkpt>
      <trkpt lat="52.450035" lon="5.095139">
        <ele>-1.55</ele>
      </trkpt>
      <trkpt lat="52.450294" lon="5.095262">
        <ele>-1.86</ele>
      </trkpt>
      <trkpt lat="52.450575" lon="5.095426">
        <ele>-2</ele>
      </trkpt>
      <trkpt lat="52.450802" lon="5.09558">
        <ele>-2</ele>
      </trkpt>
      <trkpt lat="52.450969" lon="5.095708">
        <ele>-2</ele>
      </trkpt>
      <trkpt lat="52.451398" lon="5.09612">
        <ele>-1.94</ele>
      </trkpt>
      <trkpt lat="52.451848" lon="5.096669">
        <ele>-1.28</ele>
      </trkpt>
      <trkpt lat="52.452156" lon="5.097167">
        <ele>-1</ele>
      </trkpt>
      <trkpt lat="52.452673" lon="5.098118">
        <ele>-1.21</ele>
      </trkpt>
      <trkpt lat="52.453443" lon="5.099616">
        <ele>-1.83</ele>
      </trkpt>
      <trkpt lat="52.45412" lon="5.100982">
        <ele>-1.55</ele>
      </trkpt>
      <trkpt lat="52.454548" lon="5.101905">
        <ele>-1.03</ele>
      </trkpt>
      <trkpt lat="52.455009" lon="5.102873">
        <ele>-1.72</ele>
      </trkpt>
      <trkpt lat="52.455217" lon="5.103333">
        <ele>-1.99</ele>
      </trkpt>
      <trkpt lat="52.455642" lon="5.104222">
        <ele>-1.69</ele>
      </trkpt>
      <trkpt lat="52.455882" lon="5.104582">
        <ele>-1.23</ele>
      </trkpt>
      <trkpt lat="52.456238" lon="5.105028">
        <ele>-1</ele>
      </trkpt>
      <trkpt lat="52.456244" lon="5.105102">
        <ele>-1</ele>
      </trkpt>
      <trkpt lat="52.456474" lon="5.105398">
        <ele>-0.72</ele>
      </trkpt>
      <trkpt lat="52.456567" lon="5.105478">
        <ele>-0.61</ele>
      </trkpt>
      <trkpt lat="52.456675" lon="5.105596">
        <ele>-0.48</ele>
      </trkpt>
      <trkpt lat="52.456936" lon="5.106136">
        <ele>-0.17</ele>
      </trkpt>
      <trkpt lat="52.456981" lon="5.10618">
        <ele>-0.11</ele>
      </trkpt>
      <trkpt lat="52.45703" lon="5.106194">
        <ele>-0.06</ele>
      </trkpt>
      <trkpt lat="52.457077" lon="5.106176">
        <ele>0</ele>
      </trkpt>
      <trkpt lat="52.457077" lon="5.106176">
        <ele>0</ele>
      </trkpt>
      <trkpt lat="52.457105" lon="5.106147">
        <ele>0</ele>
      </trkpt>
      <trkpt lat="52.45718" lon="5.106">
        <ele>0</ele>
      </trkpt>
      <trkpt lat="52.457149" lon="5.105937">
        <ele>0</ele>
      </trkpt>
      <trkpt lat="52.457085" lon="5.105863">
        <ele>0</ele>
      </trkpt>
      <trkpt lat="52.456824" lon="5.105671">
        <ele>-0.3</ele>
      </trkpt>
      <trkpt lat="52.456675" lon="5.105596">
        <ele>-0.48</ele>
      </trkpt>
      <trkpt lat="52.456567" lon="5.105478">
        <ele>-0.61</ele>
      </trkpt>
      <trkpt lat="52.4565" lon="5.10533">
        <ele>-0.69</ele>
      </trkpt>
      <trkpt lat="52.456292" lon="5.105064">
        <ele>-0.94</ele>
      </trkpt>
      <trkpt lat="52.456238" lon="5.105028">
        <ele>-1</ele>
      </trkpt>
      <trkpt lat="52.455882" lon="5.104582">
        <ele>-1.23</ele>
      </trkpt>
      <trkpt lat="52.455642" lon="5.104222">
        <ele>-1.69</ele>
      </trkpt>
      <trkpt lat="52.455217" lon="5.103333">
        <ele>-1.99</ele>
      </trkpt>
      <trkpt lat="52.455009" lon="5.102873">
        <ele>-1.72</ele>
      </trkpt>
      <trkpt lat="52.454548" lon="5.101905">
        <ele>-1.03</ele>
      </trkpt>
      <trkpt lat="52.45412" lon="5.100982">
        <ele>-1.55</ele>
      </trkpt>
      <trkpt lat="52.453443" lon="5.099616">
        <ele>-1.83</ele>
      </trkpt>
      <trkpt lat="52.452673" lon="5.098118">
        <ele>-1.21</ele>
      </trkpt>
      <trkpt lat="52.452156" lon="5.097167">
        <ele>-1</ele>
      </trkpt>
      <trkpt lat="52.451848" lon="5.096669">
        <ele>-1.28</ele>
      </trkpt>
      <trkpt lat="52.451398" lon="5.09612">
        <ele>-1.94</ele>
      </trkpt>
      <trkpt lat="52.450969" lon="5.095708">
        <ele>-2</ele>
      </trkpt>
      <trkpt lat="52.450802" lon="5.09558">
        <ele>-2</ele>
      </trkpt>
      <trkpt lat="52.450575" lon="5.095426">
        <ele>-2</ele>
      </trkpt>
      <trkpt lat="52.450294" lon="5.095262">
        <ele>-1.86</ele>
      </trkpt>
      <trkpt lat="52.450035" lon="5.095139">
        <ele>-1.55</ele>
      </trkpt>
      <trkpt lat="52.449778" lon="5.095035">
        <ele>-1.24</ele>
      </trkpt>
      <trkpt lat="52.448774" lon="5.09478">
        <ele>-0.99</ele>
      </trkpt>
      <trkpt lat="52.447294" lon="5.094517">
        <ele>-2</ele>
      </trkpt>
      <trkpt lat="52.442951" lon="5.093937">
        <ele>0</ele>
      </trkpt>
      <trkpt lat="52.442072" lon="5.093814">
        <ele>1</ele>
      </trkpt>
      <trkpt lat="52.441626" lon="5.09374">
        <ele>0.46</ele>
      </trkpt>
      <trkpt lat="52.440912" lon="5.093569">
        <ele>0</ele>
      </trkpt>
      <trkpt lat="52.44067" lon="5.093496">
        <ele>0</ele>
      </trkpt>
      <trkpt lat="52.440213" lon="5.093335">
        <ele>0</ele>
      </trkpt>
      <trkpt lat="52.439755" lon="5.093148">
        <ele>0</ele>
      </trkpt>
      <trkpt lat="52.439193" lon="5.092872">
        <ele>0.46</ele>
      </trkpt>
      <trkpt lat="52.43863" lon="5.092546">
        <ele>1</ele>
      </trkpt>
      <trkpt lat="52.438426" lon="5.092416">
        <ele>1</ele>
      </trkpt>
      <trkpt lat="52.43789" lon="5.092042">
        <ele>1</ele>
      </trkpt>
      <trkpt lat="52.437151" lon="5.091448">
        <ele>0.74</ele>
      </trkpt>
      <trkpt lat="52.436632" lon="5.090967">
        <ele>0.6</ele>
      </trkpt>
      <trkpt lat="52.434736" lon="5.089161">
        <ele>1</ele>
      </trkpt>
      <trkpt lat="52.434562" lon="5.088954">
        <ele>1</ele>
      </trkpt>
      <trkpt lat="52.434516" lon="5.088873">
        <ele>1</ele>
      </trkpt>
      <trkpt lat="52.43448" lon="5.088786">
        <ele>1</ele>
      </trkpt>
      <trkpt lat="52.434451" lon="5.088698">
        <ele>1</ele>
      </trkpt>
      <trkpt lat="52.434428" lon="5.088588">
        <ele>1</ele>
      </trkpt>
      <trkpt lat="52.434418" lon="5.088478">
        <ele>1</ele>
      </trkpt>
      <trkpt lat="52.434417" lon="5.088359">
        <ele>1</ele>
      </trkpt>
      <trkpt lat="52.434427" lon="5.088241">
        <ele>0.98</ele>
      </trkpt>
      <trkpt lat="52.434458" lon="5.088096">
        <ele>0.96</ele>
      </trkpt>
      <trkpt lat="52.434506" lon="5.087938">
        <ele>0.96</ele>
      </trkpt>
      <trkpt lat="52.435196" lon="5.086304">
        <ele>0.55</ele>
      </trkpt>
      <trkpt lat="52.435439" lon="5.085696">
        <ele>-0.14</ele>
      </trkpt>
      <trkpt lat="52.435639" lon="5.085167">
        <ele>-0.31</ele>
      </trkpt>
      <trkpt lat="52.435792" lon="5.084687">
        <ele>-0.47</ele>
      </trkpt>
      <trkpt lat="52.435928" lon="5.084189">
        <ele>-0.74</ele>
      </trkpt>
      <trkpt lat="52.436061" lon="5.083541">
        <ele>-1.03</ele>
      </trkpt>
      <trkpt lat="52.436129" lon="5.083125">
        <ele>-1.36</ele>
      </trkpt>
      <trkpt lat="52.43616" lon="5.082878">
        <ele>-1.6</ele>
      </trkpt>
      <trkpt lat="52.436224" lon="5.082167">
        <ele>-2</ele>
      </trkpt>
      <trkpt lat="52.43625" lon="5.081231">
        <ele>-1.98</ele>
      </trkpt>
      <trkpt lat="52.436266" lon="5.078762">
        <ele>-0.97</ele>
      </trkpt>
      <trkpt lat="52.436313" lon="5.078152">
        <ele>-0.91</ele>
      </trkpt>
      <trkpt lat="52.436354" lon="5.077904">
        <ele>-0.86</ele>
      </trkpt>
      <trkpt lat="52.436439" lon="5.077496">
        <ele>-0.76</ele>
      </trkpt>
      <trkpt lat="52.436489" lon="5.077311">
        <ele>-0.7</ele>
      </trkpt>
      <trkpt lat="52.436539" lon="5.077131">
        <ele>-0.64</ele>
      </trkpt>
      <trkpt lat="52.436678" lon="5.076732">
        <ele>-0.47</ele>
      </trkpt>
      <trkpt lat="52.43679" lon="5.076437">
        <ele>-0.63</ele>
      </trkpt>
      <trkpt lat="52.436892" lon="5.076104">
        <ele>-0.91</ele>
      </trkpt>
      <trkpt lat="52.436925" lon="5.075954">
        <ele>-1.05</ele>
      </trkpt>
      <trkpt lat="52.436953" lon="5.075767">
        <ele>-1.14</ele>
      </trkpt>
      <trkpt lat="52.436971" lon="5.075562">
        <ele>-1.12</ele>
      </trkpt>
      <trkpt lat="52.436975" lon="5.075388">
        <ele>-1.12</ele>
      </trkpt>
      <trkpt lat="52.436949" lon="5.074892">
        <ele>-1.29</ele>
      </trkpt>
      <trkpt lat="52.436926" lon="5.074625">
        <ele>-1.64</ele>
      </trkpt>
      <trkpt lat="52.436837" lon="5.073967">
        <ele>-2.28</ele>
      </trkpt>
      <trkpt lat="52.436773" lon="5.073413">
        <ele>-2.36</ele>
      </trkpt>
      <trkpt lat="52.436764" lon="5.073033">
        <ele>-1.99</ele>
      </trkpt>
      <trkpt lat="52.436771" lon="5.072629">
        <ele>-1.5</ele>
      </trkpt>
      <trkpt lat="52.436824" lon="5.072305">
        <ele>-1.3</ele>
      </trkpt>
      <trkpt lat="52.436915" lon="5.071888">
        <ele>-1.19</ele>
      </trkpt>
      <trkpt lat="52.437089" lon="5.071329">
        <ele>-1.4</ele>
      </trkpt>
      <trkpt lat="52.43722" lon="5.071024">
        <ele>-1.61</ele>
      </trkpt>
      <trkpt lat="52.437494" lon="5.070589">
        <ele>-1.49</ele>
      </trkpt>
      <trkpt lat="52.43763" lon="5.070274">
        <ele>-1.33</ele>
      </trkpt>
      <trkpt lat="52.437674" lon="5.070046">
        <ele>-1.28</ele>
      </trkpt>
      <trkpt lat="52.437692" lon="5.069907">
        <ele>-1.29</ele>
      </trkpt>
      <trkpt lat="52.4377" lon="5.069534">
        <ele>-1.39</ele>
      </trkpt>
      <trkpt lat="52.437474" lon="5.067651">
        <ele>-2.44</ele>
      </trkpt>
      <trkpt lat="52.437091" lon="5.065003">
        <ele>-1.98</ele>
      </trkpt>
      <trkpt lat="52.43707" lon="5.064154">
        <ele>-2</ele>
      </trkpt>
      <trkpt lat="52.437231" lon="5.061586">
        <ele>-1</ele>
      </trkpt>
      <trkpt lat="52.437289" lon="5.061092">
        <ele>-1</ele>
      </trkpt>
      <trkpt lat="52.437602" lon="5.058988">
        <ele>-1.36</ele>
      </trkpt>
      <trkpt lat="52.437692" lon="5.058248">
        <ele>-1.29</ele>
      </trkpt>
      <trkpt lat="52.43781" lon="5.057367">
        <ele>-1.25</ele>
      </trkpt>
      <trkpt lat="52.437949" lon="5.056579">
        <ele>-1.01</ele>
      </trkpt>
      <trkpt lat="52.43809" lon="5.055964">
        <ele>-1.41</ele>
      </trkpt>
      <trkpt lat="52.438491" lon="5.054082">
        <ele>-1.6</ele>
      </trkpt>
      <trkpt lat="52.438544" lon="5.053652">
        <ele>-1.47</ele>
      </trkpt>
      <trkpt lat="52.438612" lon="5.052565">
        <ele>-1.16</ele>
      </trkpt>
      <trkpt lat="52.438769" lon="5.051187">
        <ele>-1.53</ele>
      </trkpt>
      <trkpt lat="52.438922" lon="5.050159">
        <ele>-2</ele>
      </trkpt>
      <trkpt lat="52.43916" lon="5.049334">
        <ele>-1.09</ele>
      </trkpt>
      <trkpt lat="52.43935" lon="5.048844">
        <ele>-1</ele>
      </trkpt>
      <trkpt lat="52.43957" lon="5.048434">
        <ele>-1</ele>
      </trkpt>
      <trkpt lat="52.43978" lon="5.048174">
        <ele>-0.95</ele>
      </trkpt>
      <trkpt lat="52.439934" lon="5.048021">
        <ele>-0.95</ele>
      </trkpt>
      <trkpt lat="52.440222" lon="5.047789">
        <ele>-0.88</ele>
      </trkpt>
      <trkpt lat="52.440676" lon="5.047563">
        <ele>-0.93</ele>
      </trkpt>
      <trkpt lat="52.441258" lon="5.047395">
        <ele>-1</ele>
      </trkpt>
      <trkpt lat="52.441747" lon="5.04744">
        <ele>-1</ele>
      </trkpt>
      <trkpt lat="52.442349" lon="5.047666">
        <ele>-0.75</ele>
      </trkpt>
      <trkpt lat="52.442643" lon="5.047842">
        <ele>-0.33</ele>
      </trkpt>
      <trkpt lat="52.443034" lon="5.048144">
        <ele>0.29</ele>
      </trkpt>
      <trkpt lat="52.444604" lon="5.049624">
        <ele>0.52</ele>
      </trkpt>
      <trkpt lat="52.444787" lon="5.049692">
        <ele>0.46</ele>
      </trkpt>
      <trkpt lat="52.444981" lon="5.049686">
        <ele>0.31</ele>
      </trkpt>
      <trkpt lat="52.445179" lon="5.049615">
        <ele>0.15</ele>
      </trkpt>
      <trkpt lat="52.445394" lon="5.049427">
        <ele>0.01</ele>
      </trkpt>
      <trkpt lat="52.445603" lon="5.049274">
        <ele>-0.41</ele>
      </trkpt>
      <trkpt lat="52.445817" lon="5.049155">
        <ele>-1.01</ele>
      </trkpt>
      <trkpt lat="52.446027" lon="5.04908">
        <ele>-1.65</ele>
      </trkpt>
      <trkpt lat="52.446726" lon="5.049063">
        <ele>-1.53</ele>
      </trkpt>
      <trkpt lat="52.44688" lon="5.049014">
        <ele>-1.32</ele>
      </trkpt>
      <trkpt lat="52.447111" lon="5.048846">
        <ele>-0.91</ele>
      </trkpt>
      <trkpt lat="52.44725" lon="5.048642">
        <ele>-0.58</ele>
      </trkpt>
      <trkpt lat="52.447387" lon="5.048365">
        <ele>-0.25</ele>
      </trkpt>
      <trkpt lat="52.447465" lon="5.048165">
        <ele>-0.05</ele>
      </trkpt>
      <trkpt lat="52.447555" lon="5.047988">
        <ele>0.09</ele>
      </trkpt>
      <trkpt lat="52.447608" lon="5.047912">
        <ele>0.14</ele>
      </trkpt>
      <trkpt lat="52.44781" lon="5.047709">
        <ele>0.18</ele>
      </trkpt>
      <trkpt lat="52.448404" lon="5.047236">
        <ele>0</ele>
      </trkpt>
      <trkpt lat="52.448643" lon="5.047089">
        <ele>0</ele>
      </trkpt>
      <trkpt lat="52.448902" lon="5.047052">
        <ele>0.19</ele>
      </trkpt>
      <trkpt lat="52.449291" lon="5.047159">
        <ele>0.66</ele>
      </trkpt>
      <trkpt lat="52.449856" lon="5.047356">
        <ele>1</ele>
      </trkpt>
      <trkpt lat="52.450657" lon="5.047786">
        <ele>0.9</ele>
      </trkpt>
      <trkpt lat="52.451253" lon="5.04821">
        <ele>1.66</ele>
      </trkpt>
      <trkpt lat="52.451457" lon="5.048268">
        <ele>1.33</ele>
      </trkpt>
      <trkpt lat="52.451748" lon="5.048263">
        <ele>0.65</ele>
      </trkpt>
      <trkpt lat="52.452043" lon="5.048212">
        <ele>-0.08</ele>
      </trkpt>
      <trkpt lat="52.452246" lon="5.048117">
        <ele>-0.01</ele>
      </trkpt>
      <trkpt lat="52.452524" lon="5.047875">
        <ele>0.28</ele>
      </trkpt>
      <trkpt lat="52.452753" lon="5.047733">
        <ele>0.68</ele>
      </trkpt>
      <trkpt lat="52.452938" lon="5.047696">
        <ele>1.05</ele>
      </trkpt>
      <trkpt lat="52.453165" lon="5.047701">
        <ele>1.45</ele>
      </trkpt>
      <trkpt lat="52.453438" lon="5.047661">
        <ele>1.87</ele>
      </trkpt>
      <trkpt lat="52.453701" lon="5.047518">
        <ele>1.97</ele>
      </trkpt>
      <trkpt lat="52.454272" lon="5.04707">
        <ele>2.25</ele>
      </trkpt>
      <trkpt lat="52.45501" lon="5.04646">
        <ele>2.74</ele>
      </trkpt>
      <trkpt lat="52.455196" lon="5.04629">
        <ele>2.54</ele>
      </trkpt>
      <trkpt lat="52.455367" lon="5.046087">
        <ele>2.3</ele>
      </trkpt>
      <trkpt lat="52.455863" lon="5.045417">
        <ele>1.77</ele>
      </trkpt>
      <trkpt lat="52.456009" lon="5.04519">
        <ele>1.78</ele>
      </trkpt>
      <trkpt lat="52.456115" lon="5.044999">
        <ele>1.84</ele>
      </trkpt>
      <trkpt lat="52.456256" lon="5.04467">
        <ele>1.59</ele>
      </trkpt>
      <trkpt lat="52.456336" lon="5.044431">
        <ele>1.31</ele>
      </trkpt>
      <trkpt lat="52.456427" lon="5.044072">
        <ele>1</ele>
      </trkpt>
      <trkpt lat="52.456514" lon="5.043575">
        <ele>1</ele>
      </trkpt>
      <trkpt lat="52.45659" lon="5.043">
        <ele>1.17</ele>
      </trkpt>
      <trkpt lat="52.4567" lon="5.04231">
        <ele>1.55</ele>
      </trkpt>
      <trkpt lat="52.45684" lon="5.04157">
        <ele>1.75</ele>
      </trkpt>
      <trkpt lat="52.456945" lon="5.040864">
        <ele>2</ele>
      </trkpt>
      <trkpt lat="52.456952" lon="5.040642">
        <ele>2</ele>
      </trkpt>
      <trkpt lat="52.45695" lon="5.040432">
        <ele>2</ele>
      </trkpt>
      <trkpt lat="52.456943" lon="5.040346">
        <ele>2</ele>
      </trkpt>
      <trkpt lat="52.456962" lon="5.04017">
        <ele>2</ele>
      </trkpt>
      <trkpt lat="52.456931" lon="5.039895">
        <ele>1.86</ele>
      </trkpt>
      <trkpt lat="52.456965" lon="5.039828">
        <ele>1.78</ele>
      </trkpt>
      <trkpt lat="52.456976" lon="5.039742">
        <ele>1.68</ele>
      </trkpt>
      <trkpt lat="52.457121" lon="5.0396">
        <ele>1.51</ele>
      </trkpt>
      <trkpt lat="52.457199" lon="5.03945">
        <ele>1.33</ele>
      </trkpt>
      <trkpt lat="52.457308" lon="5.039296">
        <ele>1.15</ele>
      </trkpt>
      <trkpt lat="52.457497" lon="5.038983">
        <ele>0.89</ele>
      </trkpt>
      <trkpt lat="52.457306" lon="5.038539">
        <ele>0.45</ele>
      </trkpt>
      <trkpt lat="52.457294" lon="5.038479">
        <ele>0.39</ele>
      </trkpt>
      <trkpt lat="52.457297" lon="5.038433">
        <ele>0.35</ele>
      </trkpt>
      <trkpt lat="52.45732" lon="5.03836">
        <ele>0.31</ele>
      </trkpt>
      <trkpt lat="52.457641" lon="5.037896">
        <ele>0.51</ele>
      </trkpt>
      <trkpt lat="52.457884" lon="5.037607">
        <ele>0.94</ele>
      </trkpt>
      <trkpt lat="52.457982" lon="5.037525">
        <ele>1.09</ele>
      </trkpt>
      <trkpt lat="52.458177" lon="5.037458">
        <ele>1.32</ele>
      </trkpt>
      <trkpt lat="52.458242" lon="5.037356">
        <ele>1.4</ele>
      </trkpt>
      <trkpt lat="52.458308" lon="5.037149">
        <ele>1.48</ele>
      </trkpt>
      <trkpt lat="52.458328" lon="5.037043">
        <ele>1.5</ele>
      </trkpt>
      <trkpt lat="52.458307" lon="5.03695">
        <ele>1.48</ele>
      </trkpt>
      <trkpt lat="52.458188" lon="5.036669">
        <ele>1.36</ele>
      </trkpt>
      <trkpt lat="52.458016" lon="5.036279">
        <ele>1.54</ele>
      </trkpt>
      <trkpt lat="52.457949" lon="5.036106">
        <ele>1.7</ele>
      </trkpt>
      <trkpt lat="52.45745" lon="5.035371">
        <ele>1.21</ele>
      </trkpt>
      <trkpt lat="52.457418" lon="5.035324">
        <ele>1.18</ele>
      </trkpt>
      <trkpt lat="52.457319" lon="5.035184">
        <ele>1.14</ele>
      </trkpt>
      <trkpt lat="52.456948" lon="5.034685">
        <ele>1.24</ele>
      </trkpt>
      <trkpt lat="52.456948" lon="5.034685">
        <ele>1.24</ele>
      </trkpt>
      <trkpt lat="52.456948" lon="5.034685">
        <ele>1.24</ele>
      </trkpt>
      <trkpt lat="52.456732" lon="5.034408">
        <ele>1.3</ele>
      </trkpt>
      <trkpt lat="52.456675" lon="5.034249">
        <ele>1.43</ele>
      </trkpt>
      <trkpt lat="52.456774" lon="5.033825">
        <ele>1.9</ele>
      </trkpt>
      <trkpt lat="52.456928" lon="5.033239">
        <ele>2.52</ele>
      </trkpt>
      <trkpt lat="52.457012" lon="5.03294">
        <ele>2.37</ele>
      </trkpt>
      <trkpt lat="52.457088" lon="5.032784">
        <ele>2.32</ele>
      </trkpt>
      <trkpt lat="52.457166" lon="5.032894">
        <ele>2.36</ele>
      </trkpt>
      <trkpt lat="52.457761" lon="5.033193">
        <ele>2</ele>
      </trkpt>
      <trkpt lat="52.457884" lon="5.033262">
        <ele>1.94</ele>
      </trkpt>
      <trkpt lat="52.457964" lon="5.03333">
        <ele>1.99</ele>
      </trkpt>
      <trkpt lat="52.458126" lon="5.033592">
        <ele>2</ele>
      </trkpt>
      <trkpt lat="52.458304" lon="5.033934">
        <ele>2</ele>
      </trkpt>
      <trkpt lat="52.458851" lon="5.035049">
        <ele>2.26</ele>
      </trkpt>
      <trkpt lat="52.458968" lon="5.035258">
        <ele>2.54</ele>
      </trkpt>
      <trkpt lat="52.459302" lon="5.035682">
        <ele>3.34</ele>
      </trkpt>
      <trkpt lat="52.459755" lon="5.03549">
        <ele>4.3</ele>
      </trkpt>
      <trkpt lat="52.460427" lon="5.035373">
        <ele>5.55</ele>
      </trkpt>
      <trkpt lat="52.461117" lon="5.035328">
        <ele>5.09</ele>
      </trkpt>
      <trkpt lat="52.461658" lon="5.035294">
        <ele>4.33</ele>
      </trkpt>
      <trkpt lat="52.462561" lon="5.035183">
        <ele>3.21</ele>
      </trkpt>
      <trkpt lat="52.462672" lon="5.035138">
        <ele>3.13</ele>
      </trkpt>
      <trkpt lat="52.462985" lon="5.034959">
        <ele>2.72</ele>
      </trkpt>
      <trkpt lat="52.463116" lon="5.034837">
        <ele>2.15</ele>
      </trkpt>
      <trkpt lat="52.463396" lon="5.034442">
        <ele>0.88</ele>
      </trkpt>
      <trkpt lat="52.463506" lon="5.034364">
        <ele>0.58</ele>
      </trkpt>
      <trkpt lat="52.463584" lon="5.034334">
        <ele>0.42</ele>
      </trkpt>
      <trkpt lat="52.463855" lon="5.034214">
        <ele>0.05</ele>
      </trkpt>
      <trkpt lat="52.463982" lon="5.034099">
        <ele>-0.03</ele>
      </trkpt>
      <trkpt lat="52.464096" lon="5.033906">
        <ele>-0.14</ele>
      </trkpt>
      <trkpt lat="52.46437" lon="5.03327">
        <ele>-0.71</ele>
      </trkpt>
      <trkpt lat="52.464469" lon="5.033068">
        <ele>-0.63</ele>
      </trkpt>
      <trkpt lat="52.464623" lon="5.032875">
        <ele>-0.36</ele>
      </trkpt>
      <trkpt lat="52.464818" lon="5.032685">
        <ele>0.14</ele>
      </trkpt>
      <trkpt lat="52.464907" lon="5.032635">
        <ele>0.3</ele>
      </trkpt>
      <trkpt lat="52.465105" lon="5.032527">
        <ele>0.62</ele>
      </trkpt>
      <trkpt lat="52.465272" lon="5.032512">
        <ele>0.83</ele>
      </trkpt>
      <trkpt lat="52.465445" lon="5.032619">
        <ele>1</ele>
      </trkpt>
      <trkpt lat="52.465626" lon="5.032695">
        <ele>1</ele>
      </trkpt>
      <trkpt lat="52.465762" lon="5.032729">
        <ele>1</ele>
      </trkpt>
      <trkpt lat="52.466084" lon="5.032764">
        <ele>1</ele>
      </trkpt>
      <trkpt lat="52.466276" lon="5.032806">
        <ele>0.36</ele>
      </trkpt>
      <trkpt lat="52.467142" lon="5.032806">
        <ele>0.41</ele>
      </trkpt>
      <trkpt lat="52.467331" lon="5.032751">
        <ele>0.51</ele>
      </trkpt>
      <trkpt lat="52.467843" lon="5.032732">
        <ele>0.94</ele>
      </trkpt>
      <trkpt lat="52.467858" lon="5.033089">
        <ele>0.98</ele>
      </trkpt>
      <trkpt lat="52.467872" lon="5.033167">
        <ele>0.99</ele>
      </trkpt>
      <trkpt lat="52.467842" lon="5.033398">
        <ele>1</ele>
      </trkpt>
      <trkpt lat="52.467789" lon="5.033639">
        <ele>1</ele>
      </trkpt>
      <trkpt lat="52.467658" lon="5.034127">
        <ele>1</ele>
      </trkpt>
      <trkpt lat="52.46744" lon="5.034881">
        <ele>0.63</ele>
      </trkpt>
      <trkpt lat="52.46703" lon="5.03667">
        <ele>-1</ele>
      </trkpt>
      <trkpt lat="52.466445" lon="5.038504">
        <ele>-0.48</ele>
      </trkpt>
      <trkpt lat="52.466369" lon="5.038848">
        <ele>-0.3</ele>
      </trkpt>
      <trkpt lat="52.466292" lon="5.039259">
        <ele>-0.11</ele>
      </trkpt>
      <trkpt lat="52.466108" lon="5.04032">
        <ele>0.49</ele>
      </trkpt>
      <trkpt lat="52.466072" lon="5.040659">
        <ele>0.62</ele>
      </trkpt>
      <trkpt lat="52.466081" lon="5.040952">
        <ele>0.13</ele>
      </trkpt>
      <trkpt lat="52.466141" lon="5.041393">
        <ele>0.66</ele>
      </trkpt>
      <trkpt lat="52.466225" lon="5.041937">
        <ele>1</ele>
      </trkpt>
      <trkpt lat="52.466416" lon="5.042581">
        <ele>0.81</ele>
      </trkpt>
      <trkpt lat="52.466926" lon="5.043814">
        <ele>1</ele>
      </trkpt>
      <trkpt lat="52.46724" lon="5.044734">
        <ele>0.81</ele>
      </trkpt>
      <trkpt lat="52.46749" lon="5.045308">
        <ele>0.42</ele>
      </trkpt>
      <trkpt lat="52.46749" lon="5.045308">
        <ele>0.42</ele>
      </trkpt>
      <trkpt lat="52.467717" lon="5.045881">
        <ele>1.05</ele>
      </trkpt>
      <trkpt lat="52.467911" lon="5.046453">
        <ele>1.73</ele>
      </trkpt>
      <trkpt lat="52.468274" lon="5.047464">
        <ele>1.52</ele>
      </trkpt>
      <trkpt lat="52.468733" lon="5.048496">
        <ele>2.81</ele>
      </trkpt>
      <trkpt lat="52.468953" lon="5.049072">
        <ele>1.34</ele>
      </trkpt>
      <trkpt lat="52.469274" lon="5.050066">
        <ele>0</ele>
      </trkpt>
      <trkpt lat="52.469398" lon="5.050423">
        <ele>0</ele>
      </trkpt>
      <trkpt lat="52.469484" lon="5.050742">
        <ele>0</ele>
      </trkpt>
      <trkpt lat="52.469514" lon="5.05094">
        <ele>0</ele>
      </trkpt>
      <trkpt lat="52.469528" lon="5.051088">
        <ele>0</ele>
      </trkpt>
      <trkpt lat="52.46953" lon="5.0514">
        <ele>0</ele>
      </trkpt>
      <trkpt lat="52.469508" lon="5.051629">
        <ele>0</ele>
      </trkpt>
      <trkpt lat="52.469479" lon="5.05176">
        <ele>0</ele>
      </trkpt>
      <trkpt lat="52.469405" lon="5.052018">
        <ele>0</ele>
      </trkpt>
      <trkpt lat="52.469082" lon="5.052833">
        <ele>-0.39</ele>
      </trkpt>
      <trkpt lat="52.468971" lon="5.053184">
        <ele>-0.81</ele>
      </trkpt>
      <trkpt lat="52.468881" lon="5.053573">
        <ele>-0.16</ele>
      </trkpt>
      <trkpt lat="52.46873" lon="5.05442">
        <ele>-0.29</ele>
      </trkpt>
      <trkpt lat="52.46859" lon="5.05515">
        <ele>-1</ele>
      </trkpt>
      <trkpt lat="52.468526" lon="5.055633">
        <ele>-1</ele>
      </trkpt>
      <trkpt lat="52.468209" lon="5.057463">
        <ele>-1</ele>
      </trkpt>
      <trkpt lat="52.46817" lon="5.05783">
        <ele>-1</ele>
      </trkpt>
      <trkpt lat="52.46805" lon="5.05939">
        <ele>-1.04</ele>
      </trkpt>
      <trkpt lat="52.467921" lon="5.061846">
        <ele>-1.01</ele>
      </trkpt>
      <trkpt lat="52.46793" lon="5.06265">
        <ele>-1.02</ele>
      </trkpt>
      <trkpt lat="52.46801" lon="5.06347">
        <ele>-1</ele>
      </trkpt>
      <trkpt lat="52.468178" lon="5.064785">
        <ele>-1</ele>
      </trkpt>
      <trkpt lat="52.468295" lon="5.065544">
        <ele>-1</ele>
      </trkpt>
      <trkpt lat="52.468374" lon="5.065976">
        <ele>-0.84</ele>
      </trkpt>
      <trkpt lat="52.468492" lon="5.066482">
        <ele>-0.23</ele>
      </trkpt>
      <trkpt lat="52.468588" lon="5.066799">
        <ele>0</ele>
      </trkpt>
      <trkpt lat="52.468685" lon="5.067043">
        <ele>0</ele>
      </trkpt>
      <trkpt lat="52.468787" lon="5.067256">
        <ele>0</ele>
      </trkpt>
      <trkpt lat="52.468899" lon="5.067416">
        <ele>0</ele>
      </trkpt>
      <trkpt lat="52.468994" lon="5.067522">
        <ele>0</ele>
      </trkpt>
      <trkpt lat="52.469172" lon="5.067655">
        <ele>0</ele>
      </trkpt>
      <trkpt lat="52.46927" lon="5.067696">
        <ele>0</ele>
      </trkpt>
      <trkpt lat="52.469477" lon="5.06771">
        <ele>0</ele>
      </trkpt>
      <trkpt lat="52.469653" lon="5.067683">
        <ele>-0.07</ele>
      </trkpt>
      <trkpt lat="52.469769" lon="5.06763">
        <ele>-0.2</ele>
      </trkpt>
      <trkpt lat="52.469979" lon="5.067505">
        <ele>-0.48</ele>
      </trkpt>
      <trkpt lat="52.47049" lon="5.067157">
        <ele>-1</ele>
      </trkpt>
      <trkpt lat="52.471901" lon="5.066229">
        <ele>-1.54</ele>
      </trkpt>
      <trkpt lat="52.472944" lon="5.065593">
        <ele>-1</ele>
      </trkpt>
      <trkpt lat="52.473639" lon="5.065077">
        <ele>-1</ele>
      </trkpt>
      <trkpt lat="52.47388" lon="5.064862">
        <ele>-1.18</ele>
      </trkpt>
      <trkpt lat="52.474053" lon="5.064681">
        <ele>-1.4</ele>
      </trkpt>
      <trkpt lat="52.474353" lon="5.064204">
        <ele>-1.97</ele>
      </trkpt>
      <trkpt lat="52.474744" lon="5.063369">
        <ele>-1.8</ele>
      </trkpt>
      <trkpt lat="52.47569" lon="5.06143">
        <ele>-0.9</ele>
      </trkpt>
      <trkpt lat="52.476086" lon="5.060827">
        <ele>-0.21</ele>
      </trkpt>
      <trkpt lat="52.476522" lon="5.060273">
        <ele>-0.46</ele>
      </trkpt>
      <trkpt lat="52.476671" lon="5.060165">
        <ele>-0.4</ele>
      </trkpt>
      <trkpt lat="52.476886" lon="5.060078">
        <ele>-0.21</ele>
      </trkpt>
      <trkpt lat="52.477605" lon="5.059858">
        <ele>-0.18</ele>
      </trkpt>
      <trkpt lat="52.478289" lon="5.059697">
        <ele>-0.37</ele>
      </trkpt>
      <trkpt lat="52.47859" lon="5.05959">
        <ele>-0.5</ele>
      </trkpt>
      <trkpt lat="52.47959" lon="5.05909">
        <ele>-0.22</ele>
      </trkpt>
      <trkpt lat="52.48" lon="5.05895">
        <ele>-0.91</ele>
      </trkpt>
      <trkpt lat="52.48095" lon="5.05877">
        <ele>-1.49</ele>
      </trkpt>
      <trkpt lat="52.481583" lon="5.058702">
        <ele>-1.34</ele>
      </trkpt>
      <trkpt lat="52.482816" lon="5.05859">
        <ele>-1</ele>
      </trkpt>
      <trkpt lat="52.483157" lon="5.058585">
        <ele>-0.71</ele>
      </trkpt>
      <trkpt lat="52.483309" lon="5.058594">
        <ele>-0.53</ele>
      </trkpt>
      <trkpt lat="52.483429" lon="5.058622">
        <ele>-0.38</ele>
      </trkpt>
      <trkpt lat="52.483607" lon="5.058707">
        <ele>-0.17</ele>
      </trkpt>
      <trkpt lat="52.483726" lon="5.058801">
        <ele>-0.03</ele>
      </trkpt>
      <trkpt lat="52.483997" lon="5.059059">
        <ele>-0.3</ele>
      </trkpt>
      <trkpt lat="52.48414" lon="5.05912">
        <ele>-0.47</ele>
      </trkpt>
      <trkpt lat="52.484256" lon="5.05912">
        <ele>-0.61</ele>
      </trkpt>
      <trkpt lat="52.484321" lon="5.0591">
        <ele>-0.69</ele>
      </trkpt>
      <trkpt lat="52.484539" lon="5.058967">
        <ele>-0.95</ele>
      </trkpt>
      <trkpt lat="52.48473" lon="5.058887">
        <ele>-1.06</ele>
      </trkpt>
      <trkpt lat="52.484867" lon="5.058859">
        <ele>-1.13</ele>
      </trkpt>
      <trkpt lat="52.485999" lon="5.058842">
        <ele>-0.42</ele>
      </trkpt>
      <trkpt lat="52.486753" lon="5.058847">
        <ele>-0.24</ele>
      </trkpt>
      <trkpt lat="52.487856" lon="5.058961">
        <ele>-0.26</ele>
      </trkpt>
      <trkpt lat="52.488486" lon="5.058992">
        <ele>-2.16</ele>
      </trkpt>
      <trkpt lat="52.489194" lon="5.059045">
        <ele>-2.55</ele>
      </trkpt>
      <trkpt lat="52.48951" lon="5.05909">
        <ele>-2.18</ele>
      </trkpt>
      <trkpt lat="52.490116" lon="5.059225">
        <ele>-2.58</ele>
      </trkpt>
      <trkpt lat="52.490345" lon="5.059248">
        <ele>-2.83</ele>
      </trkpt>
      <trkpt lat="52.49049" lon="5.05925">
        <ele>-2.82</ele>
      </trkpt>
      <trkpt lat="52.49046" lon="5.058993">
        <ele>-3.15</ele>
      </trkpt>
      <trkpt lat="52.49043" lon="5.058623">
        <ele>-3.63</ele>
      </trkpt>
      <trkpt lat="52.490418" lon="5.057876">
        <ele>-3.44</ele>
      </trkpt>
      <trkpt lat="52.490432" lon="5.057596">
        <ele>-3.1</ele>
      </trkpt>
      <trkpt lat="52.490461" lon="5.05733">
        <ele>-3</ele>
      </trkpt>
      <trkpt lat="52.490488" lon="5.057196">
        <ele>-3</ele>
      </trkpt>
      <trkpt lat="52.490493" lon="5.057079">
        <ele>-3</ele>
      </trkpt>
      <trkpt lat="52.490483" lon="5.057001">
        <ele>-3</ele>
      </trkpt>
      <trkpt lat="52.490435" lon="5.056788">
        <ele>-3</ele>
      </trkpt>
      <trkpt lat="52.490365" lon="5.056224">
        <ele>-2.46</ele>
      </trkpt>
      <trkpt lat="52.490286" lon="5.055711">
        <ele>-2.02</ele>
      </trkpt>
      <trkpt lat="52.490056" lon="5.05449">
        <ele>-1.95</ele>
      </trkpt>
      <trkpt lat="52.490006" lon="5.054181">
        <ele>-2</ele>
      </trkpt>
      <trkpt lat="52.489958" lon="5.053761">
        <ele>-1.73</ele>
      </trkpt>
      <trkpt lat="52.489916" lon="5.053477">
        <ele>-1.5</ele>
      </trkpt>
      <trkpt lat="52.489624" lon="5.052241">
        <ele>-1.05</ele>
      </trkpt>
      <trkpt lat="52.489579" lon="5.052004">
        <ele>-1.01</ele>
      </trkpt>
      <trkpt lat="52.489537" lon="5.0517">
        <ele>-1.11</ele>
      </trkpt>
      <trkpt lat="52.489505" lon="5.050824">
        <ele>-2.02</ele>
      </trkpt>
      <trkpt lat="52.489444" lon="5.049938">
        <ele>-2.92</ele>
      </trkpt>
      <trkpt lat="52.489292" lon="5.048909">
        <ele>-3.65</ele>
      </trkpt>
      <trkpt lat="52.489239" lon="5.048672">
        <ele>-3.59</ele>
      </trkpt>
      <trkpt lat="52.489017" lon="5.048056">
        <ele>-2.98</ele>
      </trkpt>
      <trkpt lat="52.48898" lon="5.047814">
        <ele>-2.65</ele>
      </trkpt>
      <trkpt lat="52.488968" lon="5.047326">
        <ele>-2.1</ele>
      </trkpt>
      <trkpt lat="52.488929" lon="5.046883">
        <ele>-1.63</ele>
      </trkpt>
      <trkpt lat="52.48892" lon="5.046682">
        <ele>-1.42</ele>
      </trkpt>
      <trkpt lat="52.488916" lon="5.046423">
        <ele>-1.58</ele>
      </trkpt>
      <trkpt lat="52.488929" lon="5.045243">
        <ele>-2</ele>
      </trkpt>
      <trkpt lat="52.488889" lon="5.044877">
        <ele>-2.03</ele>
      </trkpt>
      <trkpt lat="52.488759" lon="5.044155">
        <ele>-2.01</ele>
      </trkpt>
      <trkpt lat="52.488735" lon="5.043966">
        <ele>-1.98</ele>
      </trkpt>
      <trkpt lat="52.488657" lon="5.042954">
        <ele>-1.94</ele>
      </trkpt>
      <trkpt lat="52.48852" lon="5.041809">
        <ele>-2.42</ele>
      </trkpt>
      <trkpt lat="52.488278" lon="5.039804">
        <ele>-2.86</ele>
      </trkpt>
      <trkpt lat="52.488163" lon="5.038745">
        <ele>-2.3</ele>
      </trkpt>
      <trkpt lat="52.48814" lon="5.03846">
        <ele>-2.27</ele>
      </trkpt>
      <trkpt lat="52.488122" lon="5.038101">
        <ele>-2.39</ele>
      </trkpt>
      <trkpt lat="52.488103" lon="5.037474">
        <ele>-2.78</ele>
      </trkpt>
      <trkpt lat="52.488099" lon="5.037128">
        <ele>-2.78</ele>
      </trkpt>
      <trkpt lat="52.488099" lon="5.036821">
        <ele>-2.78</ele>
      </trkpt>
      <trkpt lat="52.488115" lon="5.036242">
        <ele>-2.37</ele>
      </trkpt>
      <trkpt lat="52.488157" lon="5.035599">
        <ele>-2</ele>
      </trkpt>
      <trkpt lat="52.488223" lon="5.034852">
        <ele>-1.82</ele>
      </trkpt>
      <trkpt lat="52.488234" lon="5.034644">
        <ele>-1.57</ele>
      </trkpt>
      <trkpt lat="52.488271" lon="5.034472">
        <ele>-1.36</ele>
      </trkpt>
      <trkpt lat="52.488501" lon="5.034401">
        <ele>-1.27</ele>
      </trkpt>
      <trkpt lat="52.488579" lon="5.034392">
        <ele>-1.26</ele>
      </trkpt>
      <trkpt lat="52.488734" lon="5.03439">
        <ele>-1.26</ele>
      </trkpt>
      <trkpt lat="52.488753" lon="5.034272">
        <ele>-1.12</ele>
      </trkpt>
      <trkpt lat="52.488759" lon="5.034178">
        <ele>-1.02</ele>
      </trkpt>
      <trkpt lat="52.488822" lon="5.031019">
        <ele>-1.02</ele>
      </trkpt>
      <trkpt lat="52.488828" lon="5.030978">
        <ele>-1.02</ele>
      </trkpt>
      <trkpt lat="52.488882" lon="5.03093">
        <ele>-1.02</ele>
      </trkpt>
      <trkpt lat="52.488907" lon="5.030882">
        <ele>-1.01</ele>
      </trkpt>
      <trkpt lat="52.488925" lon="5.03079">
        <ele>-1</ele>
      </trkpt>
      <trkpt lat="52.489026" lon="5.030752">
        <ele>-1</ele>
      </trkpt>
      <trkpt lat="52.489239" lon="5.030638">
        <ele>-1</ele>
      </trkpt>
      <trkpt lat="52.489607" lon="5.030552">
        <ele>-1</ele>
      </trkpt>
      <trkpt lat="52.489892" lon="5.03052">
        <ele>-1</ele>
      </trkpt>
      <trkpt lat="52.490111" lon="5.030512">
        <ele>-1</ele>
      </trkpt>
      <trkpt lat="52.4907" lon="5.030525">
        <ele>-1</ele>
      </trkpt>
      <trkpt lat="52.49178" lon="5.030582">
        <ele>-1.44</ele>
      </trkpt>
      <trkpt lat="52.492029" lon="5.03061">
        <ele>-1.68</ele>
      </trkpt>
      <trkpt lat="52.49228" lon="5.030663">
        <ele>-1.84</ele>
      </trkpt>
      <trkpt lat="52.492745" lon="5.030817">
        <ele>-1.99</ele>
      </trkpt>
      <trkpt lat="52.492976" lon="5.030916">
        <ele>-2.07</ele>
      </trkpt>
      <trkpt lat="52.493189" lon="5.031032">
        <ele>-2.33</ele>
      </trkpt>
      <trkpt lat="52.493597" lon="5.031321">
        <ele>-2.82</ele>
      </trkpt>
      <trkpt lat="52.494344" lon="5.031942">
        <ele>-2.29</ele>
      </trkpt>
      <trkpt lat="52.494651" lon="5.032149">
        <ele>-2.08</ele>
      </trkpt>
      <trkpt lat="52.494843" lon="5.032253">
        <ele>-2.31</ele>
      </trkpt>
      <trkpt lat="52.496676" lon="5.032995">
        <ele>-1.39</ele>
      </trkpt>
      <trkpt lat="52.496876" lon="5.033098">
        <ele>-0.78</ele>
      </trkpt>
      <trkpt lat="52.497075" lon="5.033228">
        <ele>-0.15</ele>
      </trkpt>
      <trkpt lat="52.497448" lon="5.033529">
        <ele>0.34</ele>
      </trkpt>
      <trkpt lat="52.497998" lon="5.033946">
        <ele>-0.05</ele>
      </trkpt>
      <trkpt lat="52.498759" lon="5.034434">
        <ele>-2.67</ele>
      </trkpt>
      <trkpt lat="52.498977" lon="5.034602">
        <ele>-2.07</ele>
      </trkpt>
      <trkpt lat="52.499169" lon="5.034769">
        <ele>-1.42</ele>
      </trkpt>
      <trkpt lat="52.499351" lon="5.034945">
        <ele>-0.68</ele>
      </trkpt>
      <trkpt lat="52.499518" lon="5.035138">
        <ele>-0.3</ele>
      </trkpt>
      <trkpt lat="52.500449" lon="5.03637">
        <ele>-1.4</ele>
      </trkpt>
      <trkpt lat="52.501293" lon="5.037217">
        <ele>-2</ele>
      </trkpt>
      <trkpt lat="52.501595" lon="5.037601">
        <ele>-1.89</ele>
      </trkpt>
      <trkpt lat="52.501701" lon="5.03782">
        <ele>-1.62</ele>
      </trkpt>
      <trkpt lat="52.501907" lon="5.038138">
        <ele>-1.24</ele>
      </trkpt>
      <trkpt lat="52.502877" lon="5.039821">
        <ele>-1.78</ele>
      </trkpt>
      <trkpt lat="52.503027" lon="5.040046">
        <ele>-1.87</ele>
      </trkpt>
      <trkpt lat="52.503205" lon="5.040342">
        <ele>-1.66</ele>
      </trkpt>
      <trkpt lat="52.503292" lon="5.040465">
        <ele>-1.55</ele>
      </trkpt>
      <trkpt lat="52.503752" lon="5.041013">
        <ele>-1.21</ele>
      </trkpt>
      <trkpt lat="52.503952" lon="5.041216">
        <ele>-1.72</ele>
      </trkpt>
      <trkpt lat="52.504228" lon="5.041473">
        <ele>-2.03</ele>
      </trkpt>
      <trkpt lat="52.504478" lon="5.041674">
        <ele>-2</ele>
      </trkpt>
      <trkpt lat="52.50466" lon="5.041793">
        <ele>-1.92</ele>
      </trkpt>
      <trkpt lat="52.505462" lon="5.042216">
        <ele>-1.72</ele>
      </trkpt>
      <trkpt lat="52.506294" lon="5.042547">
        <ele>-2.95</ele>
      </trkpt>
      <trkpt lat="52.508645" lon="5.043374">
        <ele>-1</ele>
      </trkpt>
      <trkpt lat="52.509158" lon="5.043632">
        <ele>-0.2</ele>
      </trkpt>
      <trkpt lat="52.509635" lon="5.043822">
        <ele>0.6</ele>
      </trkpt>
      <trkpt lat="52.509803" lon="5.043876">
        <ele>1.14</ele>
      </trkpt>
      <trkpt lat="52.509769" lon="5.044239">
        <ele>0.57</ele>
      </trkpt>
      <trkpt lat="52.509777" lon="5.044556">
        <ele>0.13</ele>
      </trkpt>
      <trkpt lat="52.509802" lon="5.044722">
        <ele>-0.05</ele>
      </trkpt>
      <trkpt lat="52.509879" lon="5.045241">
        <ele>-0.29</ele>
      </trkpt>
      <trkpt lat="52.509889" lon="5.045398">
        <ele>-0.27</ele>
      </trkpt>
      <trkpt lat="52.509888" lon="5.045605">
        <ele>-0.27</ele>
      </trkpt>
      <trkpt lat="52.50986" lon="5.046115">
        <ele>-0.34</ele>
      </trkpt>
      <trkpt lat="52.509816" lon="5.046654">
        <ele>-0.45</ele>
      </trkpt>
      <trkpt lat="52.509808" lon="5.046983">
        <ele>-0.09</ele>
      </trkpt>
      <trkpt lat="52.509786" lon="5.047205">
        <ele>0.12</ele>
      </trkpt>
      <trkpt lat="52.509746" lon="5.04744">
        <ele>0.3</ele>
      </trkpt>
      <trkpt lat="52.509699" lon="5.047616">
        <ele>0.4</ele>
      </trkpt>
      <trkpt lat="52.509643" lon="5.047785">
        <ele>0.47</ele>
      </trkpt>
      <trkpt lat="52.509424" lon="5.04828">
        <ele>0.93</ele>
      </trkpt>
      <trkpt lat="52.509346" lon="5.048506">
        <ele>1</ele>
      </trkpt>
      <trkpt lat="52.509475" lon="5.048655">
        <ele>1</ele>
      </trkpt>
      <trkpt lat="52.509673" lon="5.048947">
        <ele>1.21</ele>
      </trkpt>
      <trkpt lat="52.510169" lon="5.049726">
        <ele>1.94</ele>
      </trkpt>
      <trkpt lat="52.51031" lon="5.050116">
        <ele>1.87</ele>
      </trkpt>
      <trkpt lat="52.510531" lon="5.04995">
        <ele>2.22</ele>
      </trkpt>
      <trkpt lat="52.510779" lon="5.049755">
        <ele>2.6</ele>
      </trkpt>
      <trkpt lat="52.511061" lon="5.049649">
        <ele>2.87</ele>
      </trkpt>
      <trkpt lat="52.511435" lon="5.049529">
        <ele>3.09</ele>
      </trkpt>
      <trkpt lat="52.511607" lon="5.049445">
        <ele>3.14</ele>
      </trkpt>
      <trkpt lat="52.512438" lon="5.049139">
        <ele>3.85</ele>
      </trkpt>
      <trkpt lat="52.512304" lon="5.048053">
        <ele>3.69</ele>
      </trkpt>
      <trkpt lat="52.512415" lon="5.04801">
        <ele>3.87</ele>
      </trkpt>
      <trkpt lat="52.512503" lon="5.047999">
        <ele>4</ele>
      </trkpt>
      <trkpt lat="52.5125" lon="5.048163">
        <ele>3.99</ele>
      </trkpt>
      <trkpt lat="52.512579" lon="5.048836">
        <ele>4.18</ele>
      </trkpt>
      <trkpt lat="52.51264" lon="5.049358">
        <ele>4.26</ele>
      </trkpt>
      <trkpt lat="52.512673" lon="5.049724">
        <ele>4.12</ele>
      </trkpt>
      <trkpt lat="52.512688" lon="5.049883">
        <ele>4.07</ele>
      </trkpt>
      <trkpt lat="52.512956" lon="5.051617">
        <ele>3.07</ele>
      </trkpt>
      <trkpt lat="52.513008" lon="5.052106">
        <ele>3</ele>
      </trkpt>
      <trkpt lat="52.513045" lon="5.052724">
        <ele>2.78</ele>
      </trkpt>
      <trkpt lat="52.513101" lon="5.053154">
        <ele>2.4</ele>
      </trkpt>
      <trkpt lat="52.513373" lon="5.05451">
        <ele>3.18</ele>
      </trkpt>
      <trkpt lat="52.513509" lon="5.055481">
        <ele>3.29</ele>
      </trkpt>
      <trkpt lat="52.513684" lon="5.056558">
        <ele>3.01</ele>
      </trkpt>
      <trkpt lat="52.513765" lon="5.0572">
        <ele>2.98</ele>
      </trkpt>
      <trkpt lat="52.513856" lon="5.058238">
        <ele>2.88</ele>
      </trkpt>
      <trkpt lat="52.513878" lon="5.058657">
        <ele>2.53</ele>
      </trkpt>
      <trkpt lat="52.513966" lon="5.059056">
        <ele>2.11</ele>
      </trkpt>
      <trkpt lat="52.514112" lon="5.05956">
        <ele>1.28</ele>
      </trkpt>
      <trkpt lat="52.514326" lon="5.060485">
        <ele>0.69</ele>
      </trkpt>
      <trkpt lat="52.514326" lon="5.060485">
        <ele>0.69</ele>
      </trkpt>
      <trkpt lat="52.514482" lon="5.06119">
        <ele>0.88</ele>
      </trkpt>
      <trkpt lat="52.514795" lon="5.062706">
        <ele>0.75</ele>
      </trkpt>
      <trkpt lat="52.515164" lon="5.064335">
        <ele>0.25</ele>
      </trkpt>
      <trkpt lat="52.515533" lon="5.065838">
        <ele>0.72</ele>
      </trkpt>
      <trkpt lat="52.516122" lon="5.068341">
        <ele>0.16</ele>
      </trkpt>
      <trkpt lat="52.516216" lon="5.068674">
        <ele>0.03</ele>
      </trkpt>
      <trkpt lat="52.51639" lon="5.069204">
        <ele>-0.03</ele>
      </trkpt>
      <trkpt lat="52.516571" lon="5.069508">
        <ele>-0.24</ele>
      </trkpt>
      <trkpt lat="52.516987" lon="5.070122">
        <ele>-0.12</ele>
      </trkpt>
      <trkpt lat="52.517612" lon="5.071005">
        <ele>-0.19</ele>
      </trkpt>
      <trkpt lat="52.517708" lon="5.071048">
        <ele>-0.24</ele>
      </trkpt>
      <trkpt lat="52.517815" lon="5.07103">
        <ele>-0.22</ele>
      </trkpt>
      <trkpt lat="52.517931" lon="5.070867">
        <ele>-0.03</ele>
      </trkpt>
      <trkpt lat="52.518396" lon="5.069647">
        <ele>-0.58</ele>
      </trkpt>
      <trkpt lat="52.51875" lon="5.06894">
        <ele>-1.99</ele>
      </trkpt>
      <trkpt lat="52.519016" lon="5.068498">
        <ele>-1.68</ele>
      </trkpt>
      <trkpt lat="52.519294" lon="5.068089">
        <ele>-1.66</ele>
      </trkpt>
      <trkpt lat="52.519829" lon="5.067423">
        <ele>-2.37</ele>
      </trkpt>
      <trkpt lat="52.52012" lon="5.067135">
        <ele>-2.8</ele>
      </trkpt>
      <trkpt lat="52.520325" lon="5.066989">
        <ele>-2.96</ele>
      </trkpt>
      <trkpt lat="52.522884" lon="5.06579">
        <ele>-1.15</ele>
      </trkpt>
      <trkpt lat="52.523459" lon="5.065509">
        <ele>-1.14</ele>
      </trkpt>
      <trkpt lat="52.524183" lon="5.065179">
        <ele>-1</ele>
      </trkpt>
      <trkpt lat="52.525051" lon="5.06475">
        <ele>-0.93</ele>
      </trkpt>
      <trkpt lat="52.525463" lon="5.06462">
        <ele>-0.94</ele>
      </trkpt>
      <trkpt lat="52.525795" lon="5.064582">
        <ele>-1.03</ele>
      </trkpt>
      <trkpt lat="52.526078" lon="5.064509">
        <ele>-1.21</ele>
      </trkpt>
      <trkpt lat="52.52675" lon="5.064132">
        <ele>-1.43</ele>
      </trkpt>
      <trkpt lat="52.527275" lon="5.063878">
        <ele>-1</ele>
      </trkpt>
      <trkpt lat="52.527652" lon="5.063669">
        <ele>-1</ele>
      </trkpt>
      <trkpt lat="52.528477" lon="5.063115">
        <ele>-1.28</ele>
      </trkpt>
      <trkpt lat="52.529603" lon="5.06239">
        <ele>-1.15</ele>
      </trkpt>
      <trkpt lat="52.53135" lon="5.0612">
        <ele>-0.62</ele>
      </trkpt>
      <trkpt lat="52.531582" lon="5.060971">
        <ele>-0.91</ele>
      </trkpt>
      <trkpt lat="52.531928" lon="5.060549">
        <ele>-1.35</ele>
      </trkpt>
      <trkpt lat="52.532223" lon="5.060245">
        <ele>-1.6</ele>
      </trkpt>
      <trkpt lat="52.532429" lon="5.060093">
        <ele>-1.53</ele>
      </trkpt>
      <trkpt lat="52.53339" lon="5.05948">
        <ele>-1.08</ele>
      </trkpt>
      <trkpt lat="52.535185" lon="5.058405">
        <ele>-1.55</ele>
      </trkpt>
      <trkpt lat="52.535945" lon="5.057967">
        <ele>-1.63</ele>
      </trkpt>
      <trkpt lat="52.53678" lon="5.057467">
        <ele>-1.42</ele>
      </trkpt>
      <trkpt lat="52.5369" lon="5.057385">
        <ele>-1.38</ele>
      </trkpt>
      <trkpt lat="52.536984" lon="5.057277">
        <ele>-1.41</ele>
      </trkpt>
      <trkpt lat="52.53708" lon="5.057083">
        <ele>-1.52</ele>
      </trkpt>
      <trkpt lat="52.537378" lon="5.05586">
        <ele>-0.67</ele>
      </trkpt>
      <trkpt lat="52.537551" lon="5.055275">
        <ele>-0.45</ele>
      </trkpt>
      <trkpt lat="52.537701" lon="5.054852">
        <ele>-0.46</ele>
      </trkpt>
      <trkpt lat="52.537886" lon="5.054483">
        <ele>-0.67</ele>
      </trkpt>
      <trkpt lat="52.538127" lon="5.054141">
        <ele>-1.04</ele>
      </trkpt>
      <trkpt lat="52.53841" lon="5.053847">
        <ele>-1.4</ele>
      </trkpt>
      <trkpt lat="52.538672" lon="5.053622">
        <ele>-1.66</ele>
      </trkpt>
      <trkpt lat="52.53884" lon="5.05352">
        <ele>-1.61</ele>
      </trkpt>
      <trkpt lat="52.538984" lon="5.053452">
        <ele>-1.36</ele>
      </trkpt>
      <trkpt lat="52.539293" lon="5.053368">
        <ele>-0.7</ele>
      </trkpt>
      <trkpt lat="52.539836" lon="5.053289">
        <ele>-0.68</ele>
      </trkpt>
      <trkpt lat="52.540555" lon="5.053343">
        <ele>-2</ele>
      </trkpt>
      <trkpt lat="52.541249" lon="5.053434">
        <ele>-2</ele>
      </trkpt>
      <trkpt lat="52.542466" lon="5.05371">
        <ele>-1.1</ele>
      </trkpt>
      <trkpt lat="52.543094" lon="5.053856">
        <ele>0</ele>
      </trkpt>
      <trkpt lat="52.543483" lon="5.053961">
        <ele>0</ele>
      </trkpt>
      <trkpt lat="52.544387" lon="5.05429">
        <ele>-1.51</ele>
      </trkpt>
      <trkpt lat="52.544449" lon="5.054303">
        <ele>-1.66</ele>
      </trkpt>
      <trkpt lat="52.544508" lon="5.0543">
        <ele>-1.8</ele>
      </trkpt>
      <trkpt lat="52.544605" lon="5.054271">
        <ele>-1.98</ele>
      </trkpt>
      <trkpt lat="52.544718" lon="5.054179">
        <ele>-1.85</ele>
      </trkpt>
      <trkpt lat="52.545043" lon="5.053708">
        <ele>-2.02</ele>
      </trkpt>
      <trkpt lat="52.545207" lon="5.05349">
        <ele>-2.08</ele>
      </trkpt>
      <trkpt lat="52.545463" lon="5.053208">
        <ele>-1.96</ele>
      </trkpt>
      <trkpt lat="52.5458" lon="5.052936">
        <ele>-1.77</ele>
      </trkpt>
      <trkpt lat="52.54739" lon="5.05181">
        <ele>-1</ele>
      </trkpt>
      <trkpt lat="52.548856" lon="5.050839">
        <ele>-2</ele>
      </trkpt>
      <trkpt lat="52.549808" lon="5.050169">
        <ele>-2.34</ele>
      </trkpt>
      <trkpt lat="52.550998" lon="5.049217">
        <ele>-1.23</ele>
      </trkpt>
      <trkpt lat="52.551757" lon="5.048565">
        <ele>-0.7</ele>
      </trkpt>
      <trkpt lat="52.553392" lon="5.047129">
        <ele>-2.66</ele>
      </trkpt>
      <trkpt lat="52.553988" lon="5.046513">
        <ele>-2.64</ele>
      </trkpt>
      <trkpt lat="52.555122" lon="5.045536">
        <ele>-1.73</ele>
      </trkpt>
      <trkpt lat="52.555441" lon="5.045309">
        <ele>-1.59</ele>
      </trkpt>
      <trkpt lat="52.555853" lon="5.045064">
        <ele>-0.43</ele>
      </trkpt>
      <trkpt lat="52.556038" lon="5.044967">
        <ele>0.14</ele>
      </trkpt>
      <trkpt lat="52.556251" lon="5.0448">
        <ele>0.48</ele>
      </trkpt>
      <trkpt lat="52.55636" lon="5.044693">
        <ele>0.09</ele>
      </trkpt>
      <trkpt lat="52.557829" lon="5.043001">
        <ele>0</ele>
      </trkpt>
      <trkpt lat="52.558017" lon="5.042863">
        <ele>-0.13</ele>
      </trkpt>
      <trkpt lat="52.558383" lon="5.042779">
        <ele>-0.16</ele>
      </trkpt>
      <trkpt lat="52.560148" lon="5.042694">
        <ele>0</ele>
      </trkpt>
      <trkpt lat="52.560278" lon="5.042516">
        <ele>0</ele>
      </trkpt>
      <trkpt lat="52.560278" lon="5.042516">
        <ele>0</ele>
      </trkpt>
      <trkpt lat="52.56032" lon="5.042458">
        <ele>0</ele>
      </trkpt>
      <trkpt lat="52.560501" lon="5.042387">
        <ele>0</ele>
      </trkpt>
      <trkpt lat="52.560558" lon="5.042353">
        <ele>0</ele>
      </trkpt>
      <trkpt lat="52.560568" lon="5.042215">
        <ele>0</ele>
      </trkpt>
      <trkpt lat="52.560808" lon="5.041284">
        <ele>-0.47</ele>
      </trkpt>
      <trkpt lat="52.56178" lon="5.038076">
        <ele>-0.95</ele>
      </trkpt>
      <trkpt lat="52.562373" lon="5.036183">
        <ele>-1.19</ele>
      </trkpt>
      <trkpt lat="52.562743" lon="5.034868">
        <ele>-0.75</ele>
      </trkpt>
      <trkpt lat="52.563044" lon="5.033846">
        <ele>-1.2</ele>
      </trkpt>
      <trkpt lat="52.563923" lon="5.031021">
        <ele>-0.63</ele>
      </trkpt>
      <trkpt lat="52.564359" lon="5.029677">
        <ele>-0.68</ele>
      </trkpt>
      <trkpt lat="52.564697" lon="5.028739">
        <ele>-1</ele>
      </trkpt>
      <trkpt lat="52.565374" lon="5.026699">
        <ele>0</ele>
      </trkpt>
      <trkpt lat="52.56704" lon="5.021314">
        <ele>0.47</ele>
      </trkpt>
      <trkpt lat="52.567898" lon="5.018178">
        <ele>-1.04</ele>
      </trkpt>
      <trkpt lat="52.568527" lon="5.015953">
        <ele>-1.14</ele>
      </trkpt>
      <trkpt lat="52.568918" lon="5.01467">
        <ele>-1.4</ele>
      </trkpt>
      <trkpt lat="52.56494" lon="5.01188">
        <ele>-2</ele>
      </trkpt>
      <trkpt lat="52.56414" lon="5.01114">
        <ele>-2.29</ele>
      </trkpt>
      <trkpt lat="52.56326" lon="5.01037">
        <ele>-2</ele>
      </trkpt>
      <trkpt lat="52.563174" lon="5.010247">
        <ele>-2</ele>
      </trkpt>
      <trkpt lat="52.563071" lon="5.01017">
        <ele>-2</ele>
      </trkpt>
      <trkpt lat="52.562262" lon="5.009429">
        <ele>-1.45</ele>
      </trkpt>
      <trkpt lat="52.562182" lon="5.0093">
        <ele>-1.25</ele>
      </trkpt>
      <trkpt lat="52.562095" lon="5.009087">
        <ele>-0.9</ele>
      </trkpt>
      <trkpt lat="52.562003" lon="5.008823">
        <ele>-0.63</ele>
      </trkpt>
      <trkpt lat="52.56191" lon="5.008505">
        <ele>-0.38</ele>
      </trkpt>
      <trkpt lat="52.56381" lon="5.006933">
        <ele>-1.96</ele>
      </trkpt>
      <trkpt lat="52.566762" lon="5.004577">
        <ele>-1.71</ele>
      </trkpt>
      <trkpt lat="52.567959" lon="5.003608">
        <ele>-1.81</ele>
      </trkpt>
      <trkpt lat="52.567959" lon="5.003608">
        <ele>-1.81</ele>
      </trkpt>
      <trkpt lat="52.568918" lon="5.002836">
        <ele>-0.48</ele>
      </trkpt>
      <trkpt lat="52.569362" lon="5.002568">
        <ele>-0.14</ele>
      </trkpt>
      <trkpt lat="52.569774" lon="5.002244">
        <ele>-0.12</ele>
      </trkpt>
      <trkpt lat="52.570256" lon="5.001844">
        <ele>-0.8</ele>
      </trkpt>
      <trkpt lat="52.570423" lon="5.001706">
        <ele>-1.03</ele>
      </trkpt>
      <trkpt lat="52.571192" lon="5.001018">
        <ele>-1.14</ele>
      </trkpt>
      <trkpt lat="52.571576" lon="5.000695">
        <ele>-0.46</ele>
      </trkpt>
      <trkpt lat="52.57198" lon="5.000311">
        <ele>0.49</ele>
      </trkpt>
      <trkpt lat="52.572557" lon="4.999568">
        <ele>-0.29</ele>
      </trkpt>
      <trkpt lat="52.573331" lon="4.998461">
        <ele>-0.52</ele>
      </trkpt>
      <trkpt lat="52.573547" lon="4.998088">
        <ele>-0.26</ele>
      </trkpt>
      <trkpt lat="52.573714" lon="4.997736">
        <ele>-0.06</ele>
      </trkpt>
      <trkpt lat="52.57413" lon="4.997157">
        <ele>-0.33</ele>
      </trkpt>
      <trkpt lat="52.573895" lon="4.996746">
        <ele>-1.03</ele>
      </trkpt>
      <trkpt lat="52.573829" lon="4.996557">
        <ele>-1.1</ele>
      </trkpt>
      <trkpt lat="52.573174" lon="4.995559">
        <ele>-0.62</ele>
      </trkpt>
      <trkpt lat="52.572579" lon="4.994601">
        <ele>-0.86</ele>
      </trkpt>
      <trkpt lat="52.572445" lon="4.994354">
        <ele>-0.74</ele>
      </trkpt>
      <trkpt lat="52.572213" lon="4.994017">
        <ele>-0.64</ele>
      </trkpt>
      <trkpt lat="52.572062" lon="4.993747">
        <ele>-0.98</ele>
      </trkpt>
      <trkpt lat="52.571775" lon="4.993439">
        <ele>-1.12</ele>
      </trkpt>
      <trkpt lat="52.571406" lon="4.992946">
        <ele>-0.43</ele>
      </trkpt>
      <trkpt lat="52.571026" lon="4.992241">
        <ele>-0.62</ele>
      </trkpt>
      <trkpt lat="52.571148" lon="4.991758">
        <ele>-1.78</ele>
      </trkpt>
      <trkpt lat="52.571191" lon="4.991666">
        <ele>-2</ele>
      </trkpt>
      <trkpt lat="52.571184" lon="4.991576">
        <ele>-2.2</ele>
      </trkpt>
      <trkpt lat="52.571207" lon="4.991397">
        <ele>-2.62</ele>
      </trkpt>
      <trkpt lat="52.573364" lon="4.981717">
        <ele>-3.9</ele>
      </trkpt>
      <trkpt lat="52.573364" lon="4.981717">
        <ele>-3.9</ele>
      </trkpt>
      <trkpt lat="52.574089" lon="4.978464">
        <ele>-4.33</ele>
      </trkpt>
      <trkpt lat="52.574159" lon="4.978118">
        <ele>-4.48</ele>
      </trkpt>
      <trkpt lat="52.569869" lon="4.975503">
        <ele>-4.93</ele>
      </trkpt>
      <trkpt lat="52.56994" lon="4.975224">
        <ele>-5.01</ele>
      </trkpt>
      <trkpt lat="52.570083" lon="4.974555">
        <ele>-4.83</ele>
      </trkpt>
      <trkpt lat="52.576837" lon="4.944727">
        <ele>-2.62</ele>
      </trkpt>
      <trkpt lat="52.578032" lon="4.939485">
        <ele>-4</ele>
      </trkpt>
      <trkpt lat="52.579529" lon="4.932875">
        <ele>-3.04</ele>
      </trkpt>
      <trkpt lat="52.579593" lon="4.932646">
        <ele>-3</ele>
      </trkpt>
      <trkpt lat="52.5797" lon="4.93246">
        <ele>-2.91</ele>
      </trkpt>
      <trkpt lat="52.579751" lon="4.932324">
        <ele>-3.01</ele>
      </trkpt>
      <trkpt lat="52.579786" lon="4.932332">
        <ele>-2.96</ele>
      </trkpt>
      <trkpt lat="52.57982" lon="4.932322">
        <ele>-2.93</ele>
      </trkpt>
      <trkpt lat="52.579853" lon="4.932295">
        <ele>-2.93</ele>
      </trkpt>
      <trkpt lat="52.579878" lon="4.932252">
        <ele>-2.95</ele>
      </trkpt>
      <trkpt lat="52.579895" lon="4.932198">
        <ele>-2.99</ele>
      </trkpt>
      <trkpt lat="52.580232" lon="4.932197">
        <ele>-2.59</ele>
      </trkpt>
      <trkpt lat="52.581108" lon="4.932725">
        <ele>-3.63</ele>
      </trkpt>
      <trkpt lat="52.582439" lon="4.933533">
        <ele>-3.7</ele>
      </trkpt>
      <trkpt lat="52.587632" lon="4.936685">
        <ele>-3.97</ele>
      </trkpt>
      <trkpt lat="52.587705" lon="4.936755">
        <ele>-3.88</ele>
      </trkpt>
      <trkpt lat="52.587834" lon="4.936783">
        <ele>-3.85</ele>
      </trkpt>
      <trkpt lat="52.587929" lon="4.936782">
        <ele>-3.85</ele>
      </trkpt>
      <trkpt lat="52.587945" lon="4.936837">
        <ele>-3.78</ele>
      </trkpt>
      <trkpt lat="52.587969" lon="4.936883">
        <ele>-3.73</ele>
      </trkpt>
      <trkpt lat="52.587999" lon="4.936917">
        <ele>-3.69</ele>
      </trkpt>
      <trkpt lat="52.588034" lon="4.936937">
        <ele>-3.66</ele>
      </trkpt>
      <trkpt lat="52.588071" lon="4.93694">
        <ele>-3.66</ele>
      </trkpt>
      <trkpt lat="52.588107" lon="4.936928">
        <ele>-3.67</ele>
      </trkpt>
      <trkpt lat="52.588139" lon="4.936901">
        <ele>-3.71</ele>
      </trkpt>
      <trkpt lat="52.588257" lon="4.937063">
        <ele>-3.51</ele>
      </trkpt>
      <trkpt lat="52.588287" lon="4.937085">
        <ele>-3.48</ele>
      </trkpt>
      <trkpt lat="52.588356" lon="4.937102">
        <ele>-3.47</ele>
      </trkpt>
      <trkpt lat="52.600777" lon="4.944697">
        <ele>-4</ele>
      </trkpt>
      <trkpt lat="52.600657" lon="4.945105">
        <ele>-4.14</ele>
      </trkpt>
      <trkpt lat="52.600122" lon="4.94705">
        <ele>-5.49</ele>
      </trkpt>
      <trkpt lat="52.59984" lon="4.948029">
        <ele>-4.18</ele>
      </trkpt>
      <trkpt lat="52.599643" lon="4.948795">
        <ele>-2</ele>
      </trkpt>
      <trkpt lat="52.599625" lon="4.948895">
        <ele>-1.71</ele>
      </trkpt>
      <trkpt lat="52.599687" lon="4.949088">
        <ele>-1.47</ele>
      </trkpt>
      <trkpt lat="52.59989" lon="4.949457">
        <ele>-1.92</ele>
      </trkpt>
      <trkpt lat="52.600487" lon="4.950465">
        <ele>-2.6</ele>
      </trkpt>
      <trkpt lat="52.600636" lon="4.950768">
        <ele>-2.78</ele>
      </trkpt>
      <trkpt lat="52.601196" lon="4.952094">
        <ele>-1.96</ele>
      </trkpt>
      <trkpt lat="52.601319" lon="4.952402">
        <ele>-1.4</ele>
      </trkpt>
      <trkpt lat="52.601417" lon="4.952725">
        <ele>-1.49</ele>
      </trkpt>
      <trkpt lat="52.601664" lon="4.953609">
        <ele>-1.79</ele>
      </trkpt>
      <trkpt lat="52.60184" lon="4.954287">
        <ele>-1.69</ele>
      </trkpt>
      <trkpt lat="52.601906" lon="4.954644">
        <ele>-1.77</ele>
      </trkpt>
      <trkpt lat="52.601989" lon="4.955185">
        <ele>-1.7</ele>
      </trkpt>
      <trkpt lat="52.602077" lon="4.955659">
        <ele>-1.22</ele>
      </trkpt>
      <trkpt lat="52.602203" lon="4.956172">
        <ele>-1.2</ele>
      </trkpt>
      <trkpt lat="52.602355" lon="4.956681">
        <ele>-1.3</ele>
      </trkpt>
      <trkpt lat="52.602467" lon="4.956886">
        <ele>-1.32</ele>
      </trkpt>
      <trkpt lat="52.602705" lon="4.957276">
        <ele>-1.19</ele>
      </trkpt>
      <trkpt lat="52.603099" lon="4.958006">
        <ele>-1.35</ele>
      </trkpt>
      <trkpt lat="52.603214" lon="4.958204">
        <ele>-1.43</ele>
      </trkpt>
      <trkpt lat="52.603315" lon="4.958348">
        <ele>-1.45</ele>
      </trkpt>
      <trkpt lat="52.603433" lon="4.958437">
        <ele>-1.49</ele>
      </trkpt>
      <trkpt lat="52.603778" lon="4.958615">
        <ele>-1.32</ele>
      </trkpt>
      <trkpt lat="52.603733" lon="4.959153">
        <ele>-0.1</ele>
      </trkpt>
      <trkpt lat="52.603781" lon="4.959506">
        <ele>-0.02</ele>
      </trkpt>
      <trkpt lat="52.603723" lon="4.959497">
        <ele>-0.14</ele>
      </trkpt>
      <trkpt lat="52.603723" lon="4.959497">
        <ele>-0.14</ele>
      </trkpt>
      <trkpt lat="52.603781" lon="4.959506">
        <ele>-0.02</ele>
      </trkpt>
      <trkpt lat="52.603807" lon="4.959591">
        <ele>-0.05</ele>
      </trkpt>
      <trkpt lat="52.603954" lon="4.959956">
        <ele>-0.22</ele>
      </trkpt>
      <trkpt lat="52.603982" lon="4.960006">
        <ele>-0.26</ele>
      </trkpt>
      <trkpt lat="52.604219" lon="4.959961">
        <ele>-0.54</ele>
      </trkpt>
      <trkpt lat="52.604909" lon="4.959759">
        <ele>-1.1</ele>
      </trkpt>
      <trkpt lat="52.605241" lon="4.959649">
        <ele>-1.32</ele>
      </trkpt>
      <trkpt lat="52.607054" lon="4.959536">
        <ele>-2.03</ele>
      </trkpt>
      <trkpt lat="52.60855" lon="4.959504">
        <ele>-2.26</ele>
      </trkpt>
      <trkpt lat="52.609119" lon="4.959464">
        <ele>-2.42</ele>
      </trkpt>
      <trkpt lat="52.609263" lon="4.959417">
        <ele>-2.59</ele>
      </trkpt>
      <trkpt lat="52.60957" lon="4.95924">
        <ele>-2.96</ele>
      </trkpt>
      <trkpt lat="52.609898" lon="4.958949">
        <ele>-3.07</ele>
      </trkpt>
      <trkpt lat="52.610086" lon="4.95883">
        <ele>-2.94</ele>
      </trkpt>
      <trkpt lat="52.610915" lon="4.958546">
        <ele>-2.11</ele>
      </trkpt>
      <trkpt lat="52.611628" lon="4.958357">
        <ele>-2.86</ele>
      </trkpt>
      <trkpt lat="52.611777" lon="4.958308">
        <ele>-3.22</ele>
      </trkpt>
      <trkpt lat="52.613013" lon="4.957744">
        <ele>-3.93</ele>
      </trkpt>
      <trkpt lat="52.613946" lon="4.957521">
        <ele>-2.82</ele>
      </trkpt>
      <trkpt lat="52.614884" lon="4.957228">
        <ele>-1.34</ele>
      </trkpt>
      <trkpt lat="52.615085" lon="4.957126">
        <ele>-0.98</ele>
      </trkpt>
      <trkpt lat="52.615099" lon="4.957035">
        <ele>-0.85</ele>
      </trkpt>
      <trkpt lat="52.615101" lon="4.956918">
        <ele>-0.71</ele>
      </trkpt>
      <trkpt lat="52.615038" lon="4.956056">
        <ele>-0.48</ele>
      </trkpt>
      <trkpt lat="52.615041" lon="4.955934">
        <ele>-0.47</ele>
      </trkpt>
      <trkpt lat="52.615121" lon="4.955796">
        <ele>-0.35</ele>
      </trkpt>
      <trkpt lat="52.615162" lon="4.955818">
        <ele>-0.32</ele>
      </trkpt>
      <trkpt lat="52.615206" lon="4.95582">
        <ele>-0.27</ele>
      </trkpt>
      <trkpt lat="52.615248" lon="4.9558">
        <ele>-0.2</ele>
      </trkpt>
      <trkpt lat="52.615284" lon="4.955761">
        <ele>-0.12</ele>
      </trkpt>
      <trkpt lat="52.615311" lon="4.955709">
        <ele>-0.03</ele>
      </trkpt>
      <trkpt lat="52.615328" lon="4.955648">
        <ele>0.06</ele>
      </trkpt>
      <trkpt lat="52.615333" lon="4.955582">
        <ele>0.13</ele>
      </trkpt>
      <trkpt lat="52.615328" lon="4.955515">
        <ele>0.2</ele>
      </trkpt>
      <trkpt lat="52.615312" lon="4.955454">
        <ele>0.23</ele>
      </trkpt>
      <trkpt lat="52.615286" lon="4.955403">
        <ele>0.24</ele>
      </trkpt>
      <trkpt lat="52.61532" lon="4.955223">
        <ele>0.48</ele>
      </trkpt>
      <trkpt lat="52.615325" lon="4.955088">
        <ele>0.64</ele>
      </trkpt>
      <trkpt lat="52.61529" lon="4.954955">
        <ele>0.65</ele>
      </trkpt>
      <trkpt lat="52.61527" lon="4.954886">
        <ele>0.6</ele>
      </trkpt>
      <trkpt lat="52.615243" lon="4.954828">
        <ele>0.54</ele>
      </trkpt>
      <trkpt lat="52.615192" lon="4.954755">
        <ele>0.41</ele>
      </trkpt>
      <trkpt lat="52.614995" lon="4.954529">
        <ele>-0.06</ele>
      </trkpt>
      <trkpt lat="52.614921" lon="4.954395">
        <ele>-0.23</ele>
      </trkpt>
      <trkpt lat="52.614893" lon="4.954305">
        <ele>-0.3</ele>
      </trkpt>
      <trkpt lat="52.614899" lon="4.954184">
        <ele>-0.29</ele>
      </trkpt>
      <trkpt lat="52.614888" lon="4.954111">
        <ele>-0.37</ele>
      </trkpt>
      <trkpt lat="52.61488" lon="4.953956">
        <ele>-0.58</ele>
      </trkpt>
      <trkpt lat="52.614865" lon="4.953874">
        <ele>-0.71</ele>
      </trkpt>
      <trkpt lat="52.614887" lon="4.953649">
        <ele>-0.93</ele>
      </trkpt>
      <trkpt lat="52.614956" lon="4.953383">
        <ele>-1.08</ele>
      </trkpt>
      <trkpt lat="52.615017" lon="4.953235">
        <ele>-1.01</ele>
      </trkpt>
      <trkpt lat="52.615067" lon="4.953138">
        <ele>-0.89</ele>
      </trkpt>
      <trkpt lat="52.615318" lon="4.952716">
        <ele>-0.28</ele>
      </trkpt>
      <trkpt lat="52.615705" lon="4.952136">
        <ele>-0.43</ele>
      </trkpt>
      <trkpt lat="52.615777" lon="4.95197">
        <ele>-0.63</ele>
      </trkpt>
      <trkpt lat="52.615625" lon="4.951775">
        <ele>-0.86</ele>
      </trkpt>
      <trkpt lat="52.615512" lon="4.951668">
        <ele>-0.99</ele>
      </trkpt>
      <trkpt lat="52.615425" lon="4.951558">
        <ele>-1.01</ele>
      </trkpt>
      <trkpt lat="52.615379" lon="4.951477">
        <ele>-1.07</ele>
      </trkpt>
      <trkpt lat="52.614886" lon="4.950443">
        <ele>-1.97</ele>
      </trkpt>
      <trkpt lat="52.613956" lon="4.948601">
        <ele>-1.74</ele>
      </trkpt>
      <trkpt lat="52.613756" lon="4.948119">
        <ele>-2</ele>
      </trkpt>
      <trkpt lat="52.613714" lon="4.947975">
        <ele>-2</ele>
      </trkpt>
      <trkpt lat="52.613678" lon="4.947799">
        <ele>-2</ele>
      </trkpt>
      <trkpt lat="52.613673" lon="4.947639">
        <ele>-2</ele>
      </trkpt>
      <trkpt lat="52.61369" lon="4.947468">
        <ele>-1.98</ele>
      </trkpt>
      <trkpt lat="52.613755" lon="4.947118">
        <ele>-1.57</ele>
      </trkpt>
      <trkpt lat="52.613916" lon="4.946431">
        <ele>-1.18</ele>
      </trkpt>
      <trkpt lat="52.614094" lon="4.945753">
        <ele>-1.53</ele>
      </trkpt>
      <trkpt lat="52.61422" lon="4.945229">
        <ele>-2.58</ele>
      </trkpt>
      <trkpt lat="52.614145" lon="4.945185">
        <ele>-2.64</ele>
      </trkpt>
      <trkpt lat="52.613908" lon="4.945028">
        <ele>-2.92</ele>
      </trkpt>
      <trkpt lat="52.613853" lon="4.944989">
        <ele>-3</ele>
      </trkpt>
      <trkpt lat="52.613803" lon="4.945125">
        <ele>-2.68</ele>
      </trkpt>
      <trkpt lat="52.613788" lon="4.945218">
        <ele>-2.46</ele>
      </trkpt>
      <trkpt lat="52.613756" lon="4.945563">
        <ele>-1.65</ele>
      </trkpt>
      <trkpt lat="52.613334" lon="4.947343">
        <ele>-2.01</ele>
      </trkpt>
      <trkpt lat="52.613289" lon="4.947424">
        <ele>-2.01</ele>
      </trkpt>
      <trkpt lat="52.613248" lon="4.947444">
        <ele>-2.01</ele>
      </trkpt>
      <trkpt lat="52.613199" lon="4.947445">
        <ele>-2.02</ele>
      </trkpt>
      <trkpt lat="52.613143" lon="4.947408">
        <ele>-2.05</ele>
      </trkpt>
      <trkpt lat="52.613099" lon="4.947353">
        <ele>-2.1</ele>
      </trkpt>
      <trkpt lat="52.612745" lon="4.94678">
        <ele>-2.69</ele>
      </trkpt>
      <trkpt lat="52.612554" lon="4.946449">
        <ele>-2.43</ele>
      </trkpt>
      <trkpt lat="52.612263" lon="4.945855">
        <ele>-1.42</ele>
      </trkpt>
      <trkpt lat="52.612127" lon="4.945629">
        <ele>-1.63</ele>
      </trkpt>
      <trkpt lat="52.611234" lon="4.944148">
        <ele>-3.04</ele>
      </trkpt>
      <trkpt lat="52.610874" lon="4.943432">
        <ele>-3.47</ele>
      </trkpt>
      <trkpt lat="52.610506" lon="4.942673">
        <ele>-3.91</ele>
      </trkpt>
      <trkpt lat="52.610183" lon="4.941933">
        <ele>-3.03</ele>
      </trkpt>
      <trkpt lat="52.609757" lon="4.940712">
        <ele>-2.27</ele>
      </trkpt>
      <trkpt lat="52.609566" lon="4.940257">
        <ele>-2.69</ele>
      </trkpt>
      <trkpt lat="52.609444" lon="4.939994">
        <ele>-3</ele>
      </trkpt>
      <trkpt lat="52.609273" lon="4.939676">
        <ele>-3.23</ele>
      </trkpt>
      <trkpt lat="52.609137" lon="4.939468">
        <ele>-3.28</ele>
      </trkpt>
      <trkpt lat="52.608659" lon="4.938856">
        <ele>-2.78</ele>
      </trkpt>
      <trkpt lat="52.608423" lon="4.938576">
        <ele>-2.46</ele>
      </trkpt>
      <trkpt lat="52.607998" lon="4.93811">
        <ele>-2.31</ele>
      </trkpt>
      <trkpt lat="52.607872" lon="4.937911">
        <ele>-2.53</ele>
      </trkpt>
      <trkpt lat="52.607697" lon="4.9373">
        <ele>-3</ele>
      </trkpt>
      <trkpt lat="52.607587" lon="4.937054">
        <ele>-3</ele>
      </trkpt>
      <trkpt lat="52.607355" lon="4.936574">
        <ele>-3</ele>
      </trkpt>
      <trkpt lat="52.607164" lon="4.936242">
        <ele>-3</ele>
      </trkpt>
      <trkpt lat="52.606988" lon="4.935982">
        <ele>-2.86</ele>
      </trkpt>
      <trkpt lat="52.606893" lon="4.935804">
        <ele>-2.75</ele>
      </trkpt>
      <trkpt lat="52.606458" lon="4.934723">
        <ele>-2.23</ele>
      </trkpt>
      <trkpt lat="52.606417" lon="4.934602">
        <ele>-2.18</ele>
      </trkpt>
      <trkpt lat="52.606345" lon="4.934317">
        <ele>-2.09</ele>
      </trkpt>
      <trkpt lat="52.606244" lon="4.933747">
        <ele>-2.52</ele>
      </trkpt>
      <trkpt lat="52.60617" lon="4.933224">
        <ele>-2.99</ele>
      </trkpt>
      <trkpt lat="52.605997" lon="4.932136">
        <ele>-2.54</ele>
      </trkpt>
      <trkpt lat="52.605925" lon="4.931636">
        <ele>-2.18</ele>
      </trkpt>
      <trkpt lat="52.605887" lon="4.931422">
        <ele>-2.09</ele>
      </trkpt>
      <trkpt lat="52.605813" lon="4.931063">
        <ele>-1.91</ele>
      </trkpt>
      <trkpt lat="52.605621" lon="4.930327">
        <ele>-1.64</ele>
      </trkpt>
      <trkpt lat="52.60536" lon="4.929393">
        <ele>-2.83</ele>
      </trkpt>
      <trkpt lat="52.605332" lon="4.929266">
        <ele>-3.01</ele>
      </trkpt>
      <trkpt lat="52.605322" lon="4.929105">
        <ele>-3.24</ele>
      </trkpt>
      <trkpt lat="52.605328" lon="4.928999">
        <ele>-3.45</ele>
      </trkpt>
      <trkpt lat="52.605343" lon="4.92891">
        <ele>-3.63</ele>
      </trkpt>
      <trkpt lat="52.605387" lon="4.928776">
        <ele>-3.91</ele>
      </trkpt>
      <trkpt lat="52.60546" lon="4.92864">
        <ele>-4.14</ele>
      </trkpt>
      <trkpt lat="52.605684" lon="4.928353">
        <ele>-4.03</ele>
      </trkpt>
      <trkpt lat="52.605978" lon="4.928007">
        <ele>-3.67</ele>
      </trkpt>
      <trkpt lat="52.606749" lon="4.927177">
        <ele>-2.86</ele>
      </trkpt>
      <trkpt lat="52.606933" lon="4.926935">
        <ele>-2.8</ele>
      </trkpt>
      <trkpt lat="52.607047" lon="4.926822">
        <ele>-2.74</ele>
      </trkpt>
      <trkpt lat="52.6072" lon="4.926657">
        <ele>-2.87</ele>
      </trkpt>
      <trkpt lat="52.607277" lon="4.926546">
        <ele>-2.89</ele>
      </trkpt>
      <trkpt lat="52.607355" lon="4.926402">
        <ele>-2.91</ele>
      </trkpt>
      <trkpt lat="52.607604" lon="4.925704">
        <ele>-2.88</ele>
      </trkpt>
      <trkpt lat="52.607724" lon="4.925312">
        <ele>-2.96</ele>
      </trkpt>
      <trkpt lat="52.60802" lon="4.923818">
        <ele>-2.9</ele>
      </trkpt>
      <trkpt lat="52.608494" lon="4.921524">
        <ele>-2.33</ele>
      </trkpt>
      <trkpt lat="52.608546" lon="4.921097">
        <ele>-2.27</ele>
      </trkpt>
      <trkpt lat="52.608738" lon="4.91894">
        <ele>-2.04</ele>
      </trkpt>
      <trkpt lat="52.608829" lon="4.917711">
        <ele>-2.05</ele>
      </trkpt>
      <trkpt lat="52.608899" lon="4.916236">
        <ele>-1.92</ele>
      </trkpt>
      <trkpt lat="52.608888" lon="4.915827">
        <ele>-1.86</ele>
      </trkpt>
      <trkpt lat="52.608862" lon="4.91548">
        <ele>-2.25</ele>
      </trkpt>
      <trkpt lat="52.60881" lon="4.91527">
        <ele>-2.58</ele>
      </trkpt>
      <trkpt lat="52.608721" lon="4.914958">
        <ele>-3</ele>
      </trkpt>
      <trkpt lat="52.608595" lon="4.914647">
        <ele>-3</ele>
      </trkpt>
      <trkpt lat="52.607611" lon="4.912408">
        <ele>-2.26</ele>
      </trkpt>
      <trkpt lat="52.607572" lon="4.912329">
        <ele>-2.21</ele>
      </trkpt>
      <trkpt lat="52.607208" lon="4.911784">
        <ele>-1.99</ele>
      </trkpt>
      <trkpt lat="52.606396" lon="4.910297">
        <ele>-3</ele>
      </trkpt>
      <trkpt lat="52.606348" lon="4.910198">
        <ele>-3</ele>
      </trkpt>
      <trkpt lat="52.606296" lon="4.910051">
        <ele>-3</ele>
      </trkpt>
      <trkpt lat="52.606064" lon="4.908887">
        <ele>-3.17</ele>
      </trkpt>
      <trkpt lat="52.605898" lon="4.908009">
        <ele>-3</ele>
      </trkpt>
      <trkpt lat="52.605786" lon="4.907528">
        <ele>-3</ele>
      </trkpt>
      <trkpt lat="52.6057" lon="4.90728">
        <ele>-3.24</ele>
      </trkpt>
      <trkpt lat="52.60563" lon="4.907112">
        <ele>-3.45</ele>
      </trkpt>
      <trkpt lat="52.60495" lon="4.905661">
        <ele>-2.29</ele>
      </trkpt>
      <trkpt lat="52.604319" lon="4.904256">
        <ele>-2.58</ele>
      </trkpt>
      <trkpt lat="52.604088" lon="4.903709">
        <ele>-2.18</ele>
      </trkpt>
      <trkpt lat="52.603834" lon="4.903147">
        <ele>-2</ele>
      </trkpt>
      <trkpt lat="52.603577" lon="4.902487">
        <ele>-1.77</ele>
      </trkpt>
      <trkpt lat="52.603208" lon="4.901487">
        <ele>-2</ele>
      </trkpt>
      <trkpt lat="52.603114" lon="4.901247">
        <ele>-2</ele>
      </trkpt>
      <trkpt lat="52.602998" lon="4.900984">
        <ele>-2</ele>
      </trkpt>
      <trkpt lat="52.602821" lon="4.900638">
        <ele>-2.19</ele>
      </trkpt>
      <trkpt lat="52.602249" lon="4.899613">
        <ele>-2.18</ele>
      </trkpt>
      <trkpt lat="52.601841" lon="4.898857">
        <ele>-2.2</ele>
      </trkpt>
      <trkpt lat="52.601651" lon="4.898548">
        <ele>-2.15</ele>
      </trkpt>
      <trkpt lat="52.601347" lon="4.898132">
        <ele>-1.8</ele>
      </trkpt>
      <trkpt lat="52.601275" lon="4.897975">
        <ele>-1.59</ele>
      </trkpt>
      <trkpt lat="52.601243" lon="4.897822">
        <ele>-1.36</ele>
      </trkpt>
      <trkpt lat="52.601061" lon="4.89655">
        <ele>0.25</ele>
      </trkpt>
      <trkpt lat="52.601055" lon="4.896395">
        <ele>0.25</ele>
      </trkpt>
      <trkpt lat="52.601081" lon="4.895504">
        <ele>0.51</ele>
      </trkpt>
      <trkpt lat="52.601174" lon="4.894631">
        <ele>1.37</ele>
      </trkpt>
      <trkpt lat="52.601207" lon="4.893864">
        <ele>1.59</ele>
      </trkpt>
      <trkpt lat="52.601517" lon="4.892151">
        <ele>0.82</ele>
      </trkpt>
      <trkpt lat="52.601574" lon="4.8914">
        <ele>1</ele>
      </trkpt>
      <trkpt lat="52.60159" lon="4.891263">
        <ele>1</ele>
      </trkpt>
      <trkpt lat="52.601636" lon="4.890997">
        <ele>1</ele>
      </trkpt>
      <trkpt lat="52.601656" lon="4.890901">
        <ele>1</ele>
      </trkpt>
      <trkpt lat="52.601687" lon="4.890805">
        <ele>1</ele>
      </trkpt>
      <trkpt lat="52.601753" lon="4.890703">
        <ele>1</ele>
      </trkpt>
      <trkpt lat="52.601981" lon="4.890494">
        <ele>1</ele>
      </trkpt>
      <trkpt lat="52.602043" lon="4.890362">
        <ele>1</ele>
      </trkpt>
      <trkpt lat="52.602076" lon="4.890242">
        <ele>1</ele>
      </trkpt>
      <trkpt lat="52.6021" lon="4.890117">
        <ele>1</ele>
      </trkpt>
      <trkpt lat="52.602105" lon="4.889785">
        <ele>0.98</ele>
      </trkpt>
      <trkpt lat="52.602097" lon="4.889655">
        <ele>1</ele>
      </trkpt>
      <trkpt lat="52.602083" lon="4.889598">
        <ele>1</ele>
      </trkpt>
      <trkpt lat="52.602048" lon="4.88952">
        <ele>1</ele>
      </trkpt>
      <trkpt lat="52.602" lon="4.889468">
        <ele>1</ele>
      </trkpt>
      <trkpt lat="52.60179" lon="4.889386">
        <ele>1</ele>
      </trkpt>
      <trkpt lat="52.601463" lon="4.889275">
        <ele>1</ele>
      </trkpt>
      <trkpt lat="52.601323" lon="4.889212">
        <ele>1</ele>
      </trkpt>
      <trkpt lat="52.601184" lon="4.889131">
        <ele>0.78</ele>
      </trkpt>
      <trkpt lat="52.601105" lon="4.889065">
        <ele>0.51</ele>
      </trkpt>
      <trkpt lat="52.601192" lon="4.888029">
        <ele>-0.18</ele>
      </trkpt>
      <trkpt lat="52.60122" lon="4.88695">
        <ele>-0.71</ele>
      </trkpt>
      <trkpt lat="52.601249" lon="4.886245">
        <ele>-1.02</ele>
      </trkpt>
      <trkpt lat="52.601306" lon="4.885249">
        <ele>-0.95</ele>
      </trkpt>
      <trkpt lat="52.601394" lon="4.884183">
        <ele>-0.85</ele>
      </trkpt>
      <trkpt lat="52.60155" lon="4.881459">
        <ele>-1.15</ele>
      </trkpt>
      <trkpt lat="52.601585" lon="4.88103">
        <ele>-1.46</ele>
      </trkpt>
      <trkpt lat="52.60168" lon="4.880124">
        <ele>-1.09</ele>
      </trkpt>
      <trkpt lat="52.601703" lon="4.879555">
        <ele>-0.76</ele>
      </trkpt>
      <trkpt lat="52.601719" lon="4.878612">
        <ele>-1.18</ele>
      </trkpt>
      <trkpt lat="52.601886" lon="4.878395">
        <ele>-1.64</ele>
      </trkpt>
      <trkpt lat="52.601938" lon="4.878343">
        <ele>-1.77</ele>
      </trkpt>
      <trkpt lat="52.601873" lon="4.878164">
        <ele>-1.91</ele>
      </trkpt>
      <trkpt lat="52.601817" lon="4.878052">
        <ele>-1.97</ele>
      </trkpt>
      <trkpt lat="52.601685" lon="4.877886">
        <ele>-2.01</ele>
      </trkpt>
      <trkpt lat="52.601417" lon="4.877659">
        <ele>-1.97</ele>
      </trkpt>
      <trkpt lat="52.600854" lon="4.877273">
        <ele>-1.26</ele>
      </trkpt>
      <trkpt lat="52.60053" lon="4.87703">
        <ele>-0.77</ele>
      </trkpt>
      <trkpt lat="52.600488" lon="4.876976">
        <ele>-0.74</ele>
      </trkpt>
      <trkpt lat="52.600388" lon="4.876792">
        <ele>-0.88</ele>
      </trkpt>
      <trkpt lat="52.600375" lon="4.876687">
        <ele>-1.02</ele>
      </trkpt>
      <trkpt lat="52.60028" lon="4.876511">
        <ele>-1.35</ele>
      </trkpt>
      <trkpt lat="52.600293" lon="4.876441">
        <ele>-1.41</ele>
      </trkpt>
      <trkpt lat="52.600294" lon="4.876368">
        <ele>-1.5</ele>
      </trkpt>
      <trkpt lat="52.600281" lon="4.876297">
        <ele>-1.6</ele>
      </trkpt>
      <trkpt lat="52.600258" lon="4.876235">
        <ele>-1.7</ele>
      </trkpt>
      <trkpt lat="52.600224" lon="4.876187">
        <ele>-1.8</ele>
      </trkpt>
      <trkpt lat="52.600193" lon="4.87616">
        <ele>-1.87</ele>
      </trkpt>
      <trkpt lat="52.600131" lon="4.876148">
        <ele>-1.96</ele>
      </trkpt>
      <trkpt lat="52.600088" lon="4.876158">
        <ele>-2</ele>
      </trkpt>
      <trkpt lat="52.600056" lon="4.876183">
        <ele>-2.01</ele>
      </trkpt>
      <trkpt lat="52.600006" lon="4.876266">
        <ele>-1.97</ele>
      </trkpt>
      <trkpt lat="52.59994" lon="4.876234">
        <ele>-2.09</ele>
      </trkpt>
      <trkpt lat="52.599879" lon="4.876239">
        <ele>-2.15</ele>
      </trkpt>
      <trkpt lat="52.599817" lon="4.876191">
        <ele>-2.28</ele>
      </trkpt>
      <trkpt lat="52.599867" lon="4.875997">
        <ele>-2.46</ele>
      </trkpt>
      <trkpt lat="52.600336" lon="4.873785">
        <ele>-4.11</ele>
      </trkpt>
      <trkpt lat="52.599867" lon="4.875997">
        <ele>-2.46</ele>
      </trkpt>
      <trkpt lat="52.599817" lon="4.876191">
        <ele>-2.28</ele>
      </trkpt>
      <trkpt lat="52.599509" lon="4.875913">
        <ele>-2.69</ele>
      </trkpt>
      <trkpt lat="52.59928" lon="4.87568">
        <ele>-2.45</ele>
      </trkpt>
      <trkpt lat="52.599045" lon="4.875412">
        <ele>-2.47</ele>
      </trkpt>
      <trkpt lat="52.598014" lon="4.874045">
        <ele>-2.29</ele>
      </trkpt>
      <trkpt lat="52.597459" lon="4.873364">
        <ele>-2.37</ele>
      </trkpt>
      <trkpt lat="52.597371" lon="4.873272">
        <ele>-2.34</ele>
      </trkpt>
      <trkpt lat="52.596417" lon="4.872512">
        <ele>-0.4</ele>
      </trkpt>
      <trkpt lat="52.596261" lon="4.872354">
        <ele>-0.31</ele>
      </trkpt>
      <trkpt lat="52.596177" lon="4.872241">
        <ele>-0.76</ele>
      </trkpt>
      <trkpt lat="52.595967" lon="4.871804">
        <ele>-2.05</ele>
      </trkpt>
      <trkpt lat="52.595842" lon="4.871601">
        <ele>-2.56</ele>
      </trkpt>
      <trkpt lat="52.595639" lon="4.871372">
        <ele>-3.08</ele>
      </trkpt>
      <trkpt lat="52.59493" lon="4.87115">
        <ele>-2.63</ele>
      </trkpt>
      <trkpt lat="52.594829" lon="4.871093">
        <ele>-2.46</ele>
      </trkpt>
      <trkpt lat="52.594713" lon="4.870971">
        <ele>-2.25</ele>
      </trkpt>
      <trkpt lat="52.594662" lon="4.870886">
        <ele>-2.15</ele>
      </trkpt>
      <trkpt lat="52.594539" lon="4.870591">
        <ele>-2.07</ele>
      </trkpt>
      <trkpt lat="52.594314" lon="4.869993">
        <ele>-2.34</ele>
      </trkpt>
      <trkpt lat="52.594246" lon="4.869748">
        <ele>-2.42</ele>
      </trkpt>
      <trkpt lat="52.594199" lon="4.869468">
        <ele>-2.48</ele>
      </trkpt>
      <trkpt lat="52.594162" lon="4.869189">
        <ele>-2.53</ele>
      </trkpt>
      <trkpt lat="52.594145" lon="4.868958">
        <ele>-2.54</ele>
      </trkpt>
      <trkpt lat="52.594122" lon="4.867732">
        <ele>-2.57</ele>
      </trkpt>
      <trkpt lat="52.594116" lon="4.866536">
        <ele>-2.58</ele>
      </trkpt>
      <trkpt lat="52.594135" lon="4.866001">
        <ele>-2.56</ele>
      </trkpt>
      <trkpt lat="52.594296" lon="4.863831">
        <ele>-2.47</ele>
      </trkpt>
      <trkpt lat="52.594301" lon="4.863654">
        <ele>-2.53</ele>
      </trkpt>
      <trkpt lat="52.594296" lon="4.86351">
        <ele>-2.57</ele>
      </trkpt>
      <trkpt lat="52.594275" lon="4.863359">
        <ele>-2.6</ele>
      </trkpt>
      <trkpt lat="52.594191" lon="4.863062">
        <ele>-2.51</ele>
      </trkpt>
      <trkpt lat="52.593972" lon="4.862504">
        <ele>-2.25</ele>
      </trkpt>
      <trkpt lat="52.593808" lon="4.862039">
        <ele>-1.58</ele>
      </trkpt>
      <trkpt lat="52.593734" lon="4.861776">
        <ele>-1.22</ele>
      </trkpt>
      <trkpt lat="52.593674" lon="4.861493">
        <ele>-1.22</ele>
      </trkpt>
      <trkpt lat="52.593573" lon="4.86091">
        <ele>-1.46</ele>
      </trkpt>
      <trkpt lat="52.593532" lon="4.860586">
        <ele>-1.75</ele>
      </trkpt>
      <trkpt lat="52.593389" lon="4.858853">
        <ele>-3.19</ele>
      </trkpt>
      <trkpt lat="52.593363" lon="4.858694">
        <ele>-3.28</ele>
      </trkpt>
      <trkpt lat="52.593322" lon="4.85853">
        <ele>-3.34</ele>
      </trkpt>
      <trkpt lat="52.593279" lon="4.858406">
        <ele>-3.37</ele>
      </trkpt>
      <trkpt lat="52.592974" lon="4.857907">
        <ele>-3.07</ele>
      </trkpt>
      <trkpt lat="52.592912" lon="4.857759">
        <ele>-2.97</ele>
      </trkpt>
      <trkpt lat="52.59288" lon="4.857645">
        <ele>-2.94</ele>
      </trkpt>
      <trkpt lat="52.592844" lon="4.857454">
        <ele>-2.89</ele>
      </trkpt>
      <trkpt lat="52.592615" lon="4.855728">
        <ele>-2.24</ele>
      </trkpt>
      <trkpt lat="52.592463" lon="4.854517">
        <ele>-1.87</ele>
      </trkpt>
      <trkpt lat="52.592298" lon="4.853036">
        <ele>-2.56</ele>
      </trkpt>
      <trkpt lat="52.592193" lon="4.851986">
        <ele>-2.86</ele>
      </trkpt>
      <trkpt lat="52.592146" lon="4.85178">
        <ele>-2.96</ele>
      </trkpt>
      <trkpt lat="52.592115" lon="4.851682">
        <ele>-2.99</ele>
      </trkpt>
      <trkpt lat="52.592075" lon="4.851603">
        <ele>-3.02</ele>
      </trkpt>
      <trkpt lat="52.591989" lon="4.851475">
        <ele>-3.07</ele>
      </trkpt>
      <trkpt lat="52.591911" lon="4.851383">
        <ele>-3.09</ele>
      </trkpt>
      <trkpt lat="52.591545" lon="4.851072">
        <ele>-3.02</ele>
      </trkpt>
      <trkpt lat="52.591333" lon="4.850916">
        <ele>-2.95</ele>
      </trkpt>
      <trkpt lat="52.591219" lon="4.850848">
        <ele>-3.01</ele>
      </trkpt>
      <trkpt lat="52.59027" lon="4.850529">
        <ele>-4</ele>
      </trkpt>
      <trkpt lat="52.589683" lon="4.850369">
        <ele>-4</ele>
      </trkpt>
      <trkpt lat="52.59004" lon="4.848571">
        <ele>-4.36</ele>
      </trkpt>
      <trkpt lat="52.590351" lon="4.847153">
        <ele>-4.94</ele>
      </trkpt>
      <trkpt lat="52.592695" lon="4.835981">
        <ele>-2</ele>
      </trkpt>
      <trkpt lat="52.59299" lon="4.833828">
        <ele>-2.63</ele>
      </trkpt>
      <trkpt lat="52.593044" lon="4.833073">
        <ele>-1.96</ele>
      </trkpt>
      <trkpt lat="52.59318" lon="4.830782">
        <ele>-3.03</ele>
      </trkpt>
      <trkpt lat="52.593236" lon="4.829843">
        <ele>-3.46</ele>
      </trkpt>
      <trkpt lat="52.593387" lon="4.825368">
        <ele>-3.05</ele>
      </trkpt>
      <trkpt lat="52.593476" lon="4.823412">
        <ele>-3.04</ele>
      </trkpt>
      <trkpt lat="52.593488" lon="4.820767">
        <ele>-2.3</ele>
      </trkpt>
      <trkpt lat="52.593485" lon="4.819749">
        <ele>-1.67</ele>
      </trkpt>
      <trkpt lat="52.593504" lon="4.819466">
        <ele>-1.63</ele>
      </trkpt>
      <trkpt lat="52.593524" lon="4.81933">
        <ele>-1.58</ele>
      </trkpt>
      <trkpt lat="52.593576" lon="4.81912">
        <ele>-1.48</ele>
      </trkpt>
      <trkpt lat="52.593611" lon="4.819012">
        <ele>-1.59</ele>
      </trkpt>
      <trkpt lat="52.593796" lon="4.818556">
        <ele>-2.37</ele>
      </trkpt>
      <trkpt lat="52.593907" lon="4.818216">
        <ele>-2.92</ele>
      </trkpt>
      <trkpt lat="52.593994" lon="4.817889">
        <ele>-3.09</ele>
      </trkpt>
      <trkpt lat="52.594436" lon="4.815842">
        <ele>-3</ele>
      </trkpt>
      <trkpt lat="52.59483" lon="4.814129">
        <ele>-4.01</ele>
      </trkpt>
      <trkpt lat="52.594833" lon="4.814076">
        <ele>-4.07</ele>
      </trkpt>
      <trkpt lat="52.594822" lon="4.813935">
        <ele>-4.24</ele>
      </trkpt>
      <trkpt lat="52.594798" lon="4.813842">
        <ele>-4.35</ele>
      </trkpt>
      <trkpt lat="52.594756" lon="4.813753">
        <ele>-4.46</ele>
      </trkpt>
      <trkpt lat="52.594689" lon="4.813698">
        <ele>-4.53</ele>
      </trkpt>
      <trkpt lat="52.59462" lon="4.813658">
        <ele>-4.57</ele>
      </trkpt>
      <trkpt lat="52.594273" lon="4.813529">
        <ele>-4.44</ele>
      </trkpt>
      <trkpt lat="52.591894" lon="4.812842">
        <ele>-2.91</ele>
      </trkpt>
      <trkpt lat="52.591615" lon="4.812792">
        <ele>-3.42</ele>
      </trkpt>
      <trkpt lat="52.591469" lon="4.81281">
        <ele>-3.66</ele>
      </trkpt>
      <trkpt lat="52.591388" lon="4.812843">
        <ele>-3.79</ele>
      </trkpt>
      <trkpt lat="52.591222" lon="4.81297">
        <ele>-4</ele>
      </trkpt>
      <trkpt lat="52.590165" lon="4.814044">
        <ele>-4.92</ele>
      </trkpt>
      <trkpt lat="52.589262" lon="4.814993">
        <ele>-3.97</ele>
      </trkpt>
      <trkpt lat="52.588975" lon="4.815276">
        <ele>-3.63</ele>
      </trkpt>
      <trkpt lat="52.588785" lon="4.815392">
        <ele>-3.49</ele>
      </trkpt>
      <trkpt lat="52.588536" lon="4.815501">
        <ele>-3.36</ele>
      </trkpt>
      <trkpt lat="52.587509" lon="4.815784">
        <ele>-2.5</ele>
      </trkpt>
      <trkpt lat="52.587397" lon="4.815797">
        <ele>-2.36</ele>
      </trkpt>
      <trkpt lat="52.587279" lon="4.815749">
        <ele>-2.23</ele>
      </trkpt>
      <trkpt lat="52.587172" lon="4.815638">
        <ele>-2.11</ele>
      </trkpt>
      <trkpt lat="52.586952" lon="4.815252">
        <ele>-1.77</ele>
      </trkpt>
      <trkpt lat="52.586752" lon="4.814841">
        <ele>-1.65</ele>
      </trkpt>
      <trkpt lat="52.586693" lon="4.81467">
        <ele>-1.69</ele>
      </trkpt>
      <trkpt lat="52.58665" lon="4.814483">
        <ele>-1.78</ele>
      </trkpt>
      <trkpt lat="52.586639" lon="4.814341">
        <ele>-1.86</ele>
      </trkpt>
      <trkpt lat="52.586632" lon="4.813821">
        <ele>-1.96</ele>
      </trkpt>
      <trkpt lat="52.586616" lon="4.813563">
        <ele>-1.89</ele>
      </trkpt>
      <trkpt lat="52.586582" lon="4.813377">
        <ele>-1.78</ele>
      </trkpt>
      <trkpt lat="52.586522" lon="4.81321">
        <ele>-1.65</ele>
      </trkpt>
      <trkpt lat="52.586445" lon="4.813077">
        <ele>-1.49</ele>
      </trkpt>
      <trkpt lat="52.586135" lon="4.812637">
        <ele>-1.03</ele>
      </trkpt>
      <trkpt lat="52.585508" lon="4.811613">
        <ele>-2.12</ele>
      </trkpt>
      <trkpt lat="52.585147" lon="4.811066">
        <ele>-2.45</ele>
      </trkpt>
      <trkpt lat="52.584851" lon="4.810658">
        <ele>-2.6</ele>
      </trkpt>
      <trkpt lat="52.584772" lon="4.810555">
        <ele>-2.74</ele>
      </trkpt>
      <trkpt lat="52.584684" lon="4.810461">
        <ele>-2.88</ele>
      </trkpt>
      <trkpt lat="52.584461" lon="4.810252">
        <ele>-3.21</ele>
      </trkpt>
      <trkpt lat="52.58335" lon="4.809368">
        <ele>-2.87</ele>
      </trkpt>
      <trkpt lat="52.583166" lon="4.809276">
        <ele>-2.52</ele>
      </trkpt>
      <trkpt lat="52.582975" lon="4.80926">
        <ele>-2.1</ele>
      </trkpt>
      <trkpt lat="52.58286" lon="4.809269">
        <ele>-1.99</ele>
      </trkpt>
      <trkpt lat="52.581563" lon="4.809587">
        <ele>-3.09</ele>
      </trkpt>
      <trkpt lat="52.581264" lon="4.809636">
        <ele>-4</ele>
      </trkpt>
      <trkpt lat="52.580808" lon="4.80955">
        <ele>-3.45</ele>
      </trkpt>
      <trkpt lat="52.580508" lon="4.809446">
        <ele>-3.09</ele>
      </trkpt>
      <trkpt lat="52.580462" lon="4.80942">
        <ele>-3.04</ele>
      </trkpt>
      <trkpt lat="52.580382" lon="4.809349">
        <ele>-2.94</ele>
      </trkpt>
      <trkpt lat="52.580322" lon="4.809276">
        <ele>-2.87</ele>
      </trkpt>
      <trkpt lat="52.580286" lon="4.809214">
        <ele>-2.83</ele>
      </trkpt>
      <trkpt lat="52.580214" lon="4.809055">
        <ele>-2.84</ele>
      </trkpt>
      <trkpt lat="52.58006" lon="4.80856">
        <ele>-3.24</ele>
      </trkpt>
      <trkpt lat="52.579997" lon="4.808406">
        <ele>-3.35</ele>
      </trkpt>
      <trkpt lat="52.579967" lon="4.808354">
        <ele>-3.38</ele>
      </trkpt>
      <trkpt lat="52.579885" lon="4.808228">
        <ele>-3.35</ele>
      </trkpt>
      <trkpt lat="52.579712" lon="4.808019">
        <ele>-3.14</ele>
      </trkpt>
      <trkpt lat="52.579135" lon="4.807385">
        <ele>-1.99</ele>
      </trkpt>
      <trkpt lat="52.578693" lon="4.806902">
        <ele>-1.71</ele>
      </trkpt>
      <trkpt lat="52.578633" lon="4.806804">
        <ele>-1.83</ele>
      </trkpt>
      <trkpt lat="52.578605" lon="4.806664">
        <ele>-1.97</ele>
      </trkpt>
      <trkpt lat="52.578605" lon="4.806535">
        <ele>-2</ele>
      </trkpt>
      <trkpt lat="52.578756" lon="4.805532">
        <ele>-2.32</ele>
      </trkpt>
      <trkpt lat="52.578803" lon="4.805187">
        <ele>-2.84</ele>
      </trkpt>
      <trkpt lat="52.578823" lon="4.804935">
        <ele>-3.15</ele>
      </trkpt>
      <trkpt lat="52.578763" lon="4.804635">
        <ele>-3</ele>
      </trkpt>
      <trkpt lat="52.578671" lon="4.804239">
        <ele>-3.1</ele>
      </trkpt>
      <trkpt lat="52.578535" lon="4.803416">
        <ele>-2.18</ele>
      </trkpt>
      <trkpt lat="52.578461" lon="4.802806">
        <ele>-1.78</ele>
      </trkpt>
      <trkpt lat="52.578388" lon="4.802305">
        <ele>-1.94</ele>
      </trkpt>
      <trkpt lat="52.578343" lon="4.802081">
        <ele>-2.42</ele>
      </trkpt>
      <trkpt lat="52.5783" lon="4.801922">
        <ele>-2.75</ele>
      </trkpt>
      <trkpt lat="52.578259" lon="4.801808">
        <ele>-2.98</ele>
      </trkpt>
      <trkpt lat="52.578187" lon="4.801672">
        <ele>-3.22</ele>
      </trkpt>
      <trkpt lat="52.578121" lon="4.801584">
        <ele>-3.29</ele>
      </trkpt>
      <trkpt lat="52.577126" lon="4.800485">
        <ele>-3.41</ele>
      </trkpt>
      <trkpt lat="52.576818" lon="4.800118">
        <ele>-3.54</ele>
      </trkpt>
      <trkpt lat="52.576566" lon="4.799733">
        <ele>-3.36</ele>
      </trkpt>
      <trkpt lat="52.575637" lon="4.798192">
        <ele>-2.5</ele>
      </trkpt>
      <trkpt lat="52.575577" lon="4.798082">
        <ele>-2.35</ele>
      </trkpt>
      <trkpt lat="52.575526" lon="4.797964">
        <ele>-2.23</ele>
      </trkpt>
      <trkpt lat="52.575485" lon="4.797827">
        <ele>-2.13</ele>
      </trkpt>
      <trkpt lat="52.575457" lon="4.797681">
        <ele>-2.07</ele>
      </trkpt>
      <trkpt lat="52.575452" lon="4.797599">
        <ele>-2.05</ele>
      </trkpt>
      <trkpt lat="52.575455" lon="4.797395">
        <ele>-2.14</ele>
      </trkpt>
      <trkpt lat="52.575467" lon="4.797284">
        <ele>-2.29</ele>
      </trkpt>
      <trkpt lat="52.575728" lon="4.795822">
        <ele>-3.62</ele>
      </trkpt>
      <trkpt lat="52.575779" lon="4.79547">
        <ele>-3.35</ele>
      </trkpt>
      <trkpt lat="52.575796" lon="4.795304">
        <ele>-3.23</ele>
      </trkpt>
      <trkpt lat="52.575821" lon="4.794873">
        <ele>-3</ele>
      </trkpt>
      <trkpt lat="52.575836" lon="4.794256">
        <ele>-3</ele>
      </trkpt>
      <trkpt lat="52.575866" lon="4.793684">
        <ele>-2.74</ele>
      </trkpt>
      <trkpt lat="52.57589" lon="4.793096">
        <ele>-2.55</ele>
      </trkpt>
      <trkpt lat="52.575884" lon="4.79284">
        <ele>-2.54</ele>
      </trkpt>
      <trkpt lat="52.575864" lon="4.792694">
        <ele>-2.52</ele>
      </trkpt>
      <trkpt lat="52.575835" lon="4.792605">
        <ele>-2.49</ele>
      </trkpt>
      <trkpt lat="52.575783" lon="4.792505">
        <ele>-2.42</ele>
      </trkpt>
      <trkpt lat="52.575718" lon="4.792411">
        <ele>-2.41</ele>
      </trkpt>
      <trkpt lat="52.57562" lon="4.792333">
        <ele>-2.39</ele>
      </trkpt>
      <trkpt lat="52.57541" lon="4.792253">
        <ele>-2.26</ele>
      </trkpt>
      <trkpt lat="52.57447" lon="4.79208">
        <ele>-2.61</ele>
      </trkpt>
      <trkpt lat="52.574255" lon="4.79208">
        <ele>-2.87</ele>
      </trkpt>
      <trkpt lat="52.574145" lon="4.792103">
        <ele>-2.98</ele>
      </trkpt>
      <trkpt lat="52.574042" lon="4.792143">
        <ele>-3.05</ele>
      </trkpt>
      <trkpt lat="52.573741" lon="4.792289">
        <ele>-3.23</ele>
      </trkpt>
      <trkpt lat="52.572781" lon="4.792806">
        <ele>-3.77</ele>
      </trkpt>
      <trkpt lat="52.571171" lon="4.793728">
        <ele>-3.59</ele>
      </trkpt>
      <trkpt lat="52.57105" lon="4.79379">
        <ele>-3.67</ele>
      </trkpt>
      <trkpt lat="52.570859" lon="4.793857">
        <ele>-3.81</ele>
      </trkpt>
      <trkpt lat="52.56885" lon="4.794262">
        <ele>-3.09</ele>
      </trkpt>
      <trkpt lat="52.568616" lon="4.79429">
        <ele>-3</ele>
      </trkpt>
      <trkpt lat="52.568431" lon="4.794282">
        <ele>-3</ele>
      </trkpt>
      <trkpt lat="52.567029" lon="4.794069">
        <ele>-3.97</ele>
      </trkpt>
      <trkpt lat="52.566828" lon="4.794038">
        <ele>-4.11</ele>
      </trkpt>
      <trkpt lat="52.565454" lon="4.793577">
        <ele>-2.73</ele>
      </trkpt>
      <trkpt lat="52.565383" lon="4.793539">
        <ele>-2.67</ele>
      </trkpt>
      <trkpt lat="52.565304" lon="4.793479">
        <ele>-2.67</ele>
      </trkpt>
      <trkpt lat="52.565193" lon="4.793341">
        <ele>-2.68</ele>
      </trkpt>
      <trkpt lat="52.564596" lon="4.792441">
        <ele>-2.03</ele>
      </trkpt>
      <trkpt lat="52.564379" lon="4.792263">
        <ele>-2.24</ele>
      </trkpt>
      <trkpt lat="52.563587" lon="4.792034">
        <ele>-2.72</ele>
      </trkpt>
      <trkpt lat="52.563315" lon="4.792033">
        <ele>-3.05</ele>
      </trkpt>
      <trkpt lat="52.561846" lon="4.792661">
        <ele>-3.13</ele>
      </trkpt>
      <trkpt lat="52.56147" lon="4.792685">
        <ele>-3.68</ele>
      </trkpt>
      <trkpt lat="52.560033" lon="4.792577">
        <ele>-2.99</ele>
      </trkpt>
      <trkpt lat="52.559776" lon="4.792514">
        <ele>-2.39</ele>
      </trkpt>
      <trkpt lat="52.559618" lon="4.792368">
        <ele>-2.29</ele>
      </trkpt>
      <trkpt lat="52.558998" lon="4.791174">
        <ele>-4.16</ele>
      </trkpt>
      <trkpt lat="52.558812" lon="4.790869">
        <ele>-4.06</ele>
      </trkpt>
      <trkpt lat="52.558503" lon="4.790685">
        <ele>-3.73</ele>
      </trkpt>
      <trkpt lat="52.557645" lon="4.79046">
        <ele>-2.59</ele>
      </trkpt>
      <trkpt lat="52.557349" lon="4.790361">
        <ele>-1.78</ele>
      </trkpt>
      <trkpt lat="52.557258" lon="4.790342">
        <ele>-1.5</ele>
      </trkpt>
      <trkpt lat="52.557053" lon="4.790347">
        <ele>-1.07</ele>
      </trkpt>
      <trkpt lat="52.556886" lon="4.787885">
        <ele>-1.75</ele>
      </trkpt>
      <trkpt lat="52.556873" lon="4.787511">
        <ele>-1.74</ele>
      </trkpt>
      <trkpt lat="52.55687" lon="4.787157">
        <ele>-1.56</ele>
      </trkpt>
      <trkpt lat="52.55688" lon="4.78675">
        <ele>-1.33</ele>
      </trkpt>
      <trkpt lat="52.5569" lon="4.786421">
        <ele>-1.23</ele>
      </trkpt>
      <trkpt lat="52.556928" lon="4.78613">
        <ele>-1.2</ele>
      </trkpt>
      <trkpt lat="52.556982" lon="4.785675">
        <ele>-1.13</ele>
      </trkpt>
      <trkpt lat="52.557073" lon="4.785147">
        <ele>-1.02</ele>
      </trkpt>
      <trkpt lat="52.557211" lon="4.784518">
        <ele>-0.92</ele>
      </trkpt>
      <trkpt lat="52.557514" lon="4.78341">
        <ele>-0.07</ele>
      </trkpt>
      <trkpt lat="52.557596" lon="4.783141">
        <ele>0.07</ele>
      </trkpt>
      <trkpt lat="52.557671" lon="4.783025">
        <ele>0.1</ele>
      </trkpt>
      <trkpt lat="52.557791" lon="4.782904">
        <ele>0.08</ele>
      </trkpt>
      <trkpt lat="52.557819" lon="4.782853">
        <ele>0.07</ele>
      </trkpt>
      <trkpt lat="52.557837" lon="4.782796">
        <ele>0.06</ele>
      </trkpt>
      <trkpt lat="52.557849" lon="4.782697">
        <ele>0.07</ele>
      </trkpt>
      <trkpt lat="52.557843" lon="4.782603">
        <ele>0.08</ele>
      </trkpt>
      <trkpt lat="52.557815" lon="4.782514">
        <ele>0.13</ele>
      </trkpt>
      <trkpt lat="52.55774" lon="4.782362">
        <ele>0.2</ele>
      </trkpt>
      <trkpt lat="52.557679" lon="4.782314">
        <ele>0.24</ele>
      </trkpt>
      <trkpt lat="52.557379" lon="4.782142">
        <ele>0.4</ele>
      </trkpt>
      <trkpt lat="52.556569" lon="4.781578">
        <ele>-0.65</ele>
      </trkpt>
      <trkpt lat="52.556485" lon="4.781556">
        <ele>-0.75</ele>
      </trkpt>
      <trkpt lat="52.556189" lon="4.78136">
        <ele>-0.95</ele>
      </trkpt>
      <trkpt lat="52.555829" lon="4.781168">
        <ele>-0.43</ele>
      </trkpt>
      <trkpt lat="52.55556" lon="4.781044">
        <ele>0.18</ele>
      </trkpt>
      <trkpt lat="52.555415" lon="4.780996">
        <ele>0.53</ele>
      </trkpt>
      <trkpt lat="52.555288" lon="4.780903">
        <ele>0.91</ele>
      </trkpt>
      <trkpt lat="52.555163" lon="4.780862">
        <ele>1.16</ele>
      </trkpt>
      <trkpt lat="52.554537" lon="4.780701">
        <ele>1.59</ele>
      </trkpt>
      <trkpt lat="52.554549" lon="4.780468">
        <ele>1.1</ele>
      </trkpt>
      <trkpt lat="52.554535" lon="4.780351">
        <ele>0.8</ele>
      </trkpt>
      <trkpt lat="52.554554" lon="4.78029">
        <ele>0.7</ele>
      </trkpt>
      <trkpt lat="52.554597" lon="4.780214">
        <ele>0.6</ele>
      </trkpt>
      <trkpt lat="52.554671" lon="4.78015">
        <ele>0.35</ele>
      </trkpt>
      <trkpt lat="52.554748" lon="4.780134">
        <ele>0.22</ele>
      </trkpt>
      <trkpt lat="52.555198" lon="4.78019">
        <ele>-0.18</ele>
      </trkpt>
      <trkpt lat="52.55543" lon="4.780231">
        <ele>-0.36</ele>
      </trkpt>
      <trkpt lat="52.556219" lon="4.780431">
        <ele>-1.36</ele>
      </trkpt>
      <trkpt lat="52.556376" lon="4.78049">
        <ele>-1.37</ele>
      </trkpt>
      <trkpt lat="52.55647" lon="4.78057">
        <ele>-1.27</ele>
      </trkpt>
      <trkpt lat="52.556531" lon="4.780667">
        <ele>-1.16</ele>
      </trkpt>
      <trkpt lat="52.556794" lon="4.781268">
        <ele>-0.64</ele>
      </trkpt>
      <trkpt lat="52.556816" lon="4.781354">
        <ele>-0.55</ele>
      </trkpt>
      <trkpt lat="52.556811" lon="4.781468">
        <ele>-0.47</ele>
      </trkpt>
      <trkpt lat="52.556175" lon="4.78415">
        <ele>-2</ele>
      </trkpt>
      <trkpt lat="52.555863" lon="4.785593">
        <ele>-2</ele>
      </trkpt>
      <trkpt lat="52.555821" lon="4.785847">
        <ele>-2</ele>
      </trkpt>
      <trkpt lat="52.555789" lon="4.786134">
        <ele>-2</ele>
      </trkpt>
      <trkpt lat="52.555762" lon="4.786636">
        <ele>-2</ele>
      </trkpt>
      <trkpt lat="52.555764" lon="4.787088">
        <ele>-1.78</ele>
      </trkpt>
      <trkpt lat="52.556065" lon="4.789722">
        <ele>-1.78</ele>
      </trkpt>
      <trkpt lat="52.556115" lon="4.790269">
        <ele>-2.36</ele>
      </trkpt>
      <trkpt lat="52.55613" lon="4.79056">
        <ele>-2.71</ele>
      </trkpt>
      <trkpt lat="52.556122" lon="4.79081">
        <ele>-3</ele>
      </trkpt>
      <trkpt lat="52.556101" lon="4.791027">
        <ele>-3</ele>
      </trkpt>
      <trkpt lat="52.556073" lon="4.791217">
        <ele>-3</ele>
      </trkpt>
      <trkpt lat="52.556018" lon="4.791452">
        <ele>-3</ele>
      </trkpt>
      <trkpt lat="52.555894" lon="4.791735">
        <ele>-2.88</ele>
      </trkpt>
      <trkpt lat="52.555724" lon="4.791967">
        <ele>-2.6</ele>
      </trkpt>
      <trkpt lat="52.555625" lon="4.792081">
        <ele>-2.46</ele>
      </trkpt>
      <trkpt lat="52.555346" lon="4.792339">
        <ele>-2.15</ele>
      </trkpt>
      <trkpt lat="52.55502" lon="4.792576">
        <ele>-2</ele>
      </trkpt>
      <trkpt lat="52.554892" lon="4.792649">
        <ele>-2</ele>
      </trkpt>
      <trkpt lat="52.55461" lon="4.792769">
        <ele>-2</ele>
      </trkpt>
      <trkpt lat="52.552681" lon="4.793331">
        <ele>-2.72</ele>
      </trkpt>
      <trkpt lat="52.55212" lon="4.793511">
        <ele>-2.28</ele>
      </trkpt>
      <trkpt lat="52.551912" lon="4.793601">
        <ele>-2.36</ele>
      </trkpt>
      <trkpt lat="52.551781" lon="4.793671">
        <ele>-2.45</ele>
      </trkpt>
      <trkpt lat="52.551564" lon="4.79381">
        <ele>-2.61</ele>
      </trkpt>
      <trkpt lat="52.551459" lon="4.7939">
        <ele>-2.72</ele>
      </trkpt>
      <trkpt lat="52.551343" lon="4.794028">
        <ele>-2.87</ele>
      </trkpt>
      <trkpt lat="52.551264" lon="4.794138">
        <ele>-3</ele>
      </trkpt>
      <trkpt lat="52.55114" lon="4.794399">
        <ele>-3.19</ele>
      </trkpt>
      <trkpt lat="52.551061" lon="4.794639">
        <ele>-3.38</ele>
      </trkpt>
      <trkpt lat="52.551015" lon="4.794813">
        <ele>-3.53</ele>
      </trkpt>
      <trkpt lat="52.550962" lon="4.79513">
        <ele>-3.78</ele>
      </trkpt>
      <trkpt lat="52.550874" lon="4.797545">
        <ele>-3.92</ele>
      </trkpt>
      <trkpt lat="52.550839" lon="4.798231">
        <ele>-4.01</ele>
      </trkpt>
      <trkpt lat="52.550723" lon="4.799651">
        <ele>-3.8</ele>
      </trkpt>
      <trkpt lat="52.550438" lon="4.802704">
        <ele>-3.96</ele>
      </trkpt>
      <trkpt lat="52.550391" lon="4.803014">
        <ele>-4.04</ele>
      </trkpt>
      <trkpt lat="52.550366" lon="4.80311">
        <ele>-4.07</ele>
      </trkpt>
      <trkpt lat="52.550315" lon="4.803253">
        <ele>-4.13</ele>
      </trkpt>
      <trkpt lat="52.550207" lon="4.803456">
        <ele>-4.08</ele>
      </trkpt>
      <trkpt lat="52.549735" lon="4.804147">
        <ele>-3.83</ele>
      </trkpt>
      <trkpt lat="52.548413" lon="4.806043">
        <ele>-4.54</ele>
      </trkpt>
      <trkpt lat="52.546758" lon="4.808383">
        <ele>-4.94</ele>
      </trkpt>
      <trkpt lat="52.545617" lon="4.81002">
        <ele>-3.92</ele>
      </trkpt>
      <trkpt lat="52.545397" lon="4.810426">
        <ele>-3.47</ele>
      </trkpt>
      <trkpt lat="52.545238" lon="4.810821">
        <ele>-3.22</ele>
      </trkpt>
      <trkpt lat="52.544739" lon="4.81237">
        <ele>-3.67</ele>
      </trkpt>
      <trkpt lat="52.544634" lon="4.812784">
        <ele>-3.88</ele>
      </trkpt>
      <trkpt lat="52.544533" lon="4.81337">
        <ele>-4.13</ele>
      </trkpt>
      <trkpt lat="52.544385" lon="4.814635">
        <ele>-3.79</ele>
      </trkpt>
      <trkpt lat="52.544161" lon="4.816335">
        <ele>-2.22</ele>
      </trkpt>
      <trkpt lat="52.543626" lon="4.819579">
        <ele>-3.71</ele>
      </trkpt>
      <trkpt lat="52.543254" lon="4.82166">
        <ele>-3.22</ele>
      </trkpt>
      <trkpt lat="52.543152" lon="4.822179">
        <ele>-3.63</ele>
      </trkpt>
      <trkpt lat="52.543102" lon="4.822405">
        <ele>-3.77</ele>
      </trkpt>
      <trkpt lat="52.542975" lon="4.822877">
        <ele>-3.94</ele>
      </trkpt>
      <trkpt lat="52.54265" lon="4.82398">
        <ele>-4.33</ele>
      </trkpt>
      <trkpt lat="52.54198" lon="4.82632">
        <ele>-5</ele>
      </trkpt>
      <trkpt lat="52.54168" lon="4.827323">
        <ele>-4.58</ele>
      </trkpt>
      <trkpt lat="52.54168" lon="4.827323">
        <ele>-4.58</ele>
      </trkpt>
      <trkpt lat="52.541549" lon="4.827718">
        <ele>-4.46</ele>
      </trkpt>
      <trkpt lat="52.54132" lon="4.828261">
        <ele>-4.05</ele>
      </trkpt>
      <trkpt lat="52.541195" lon="4.828503">
        <ele>-3.91</ele>
      </trkpt>
      <trkpt lat="52.539754" lon="4.831143">
        <ele>-3.48</ele>
      </trkpt>
      <trkpt lat="52.539296" lon="4.832023">
        <ele>-2.38</ele>
      </trkpt>
      <trkpt lat="52.5392" lon="4.832263">
        <ele>-1.9</ele>
      </trkpt>
      <trkpt lat="52.539113" lon="4.83269">
        <ele>-1.43</ele>
      </trkpt>
      <trkpt lat="52.539069" lon="4.833003">
        <ele>-1.37</ele>
      </trkpt>
      <trkpt lat="52.539013" lon="4.833186">
        <ele>-1.31</ele>
      </trkpt>
      <trkpt lat="52.538949" lon="4.833237">
        <ele>-1.23</ele>
      </trkpt>
      <trkpt lat="52.538875" lon="4.833258">
        <ele>-1.14</ele>
      </trkpt>
      <trkpt lat="52.538811" lon="4.833259">
        <ele>-1.07</ele>
      </trkpt>
      <trkpt lat="52.538787" lon="4.833228">
        <ele>-1.04</ele>
      </trkpt>
      <trkpt lat="52.538772" lon="4.833175">
        <ele>-1.02</ele>
      </trkpt>
      <trkpt lat="52.538409" lon="4.833468">
        <ele>-1.34</ele>
      </trkpt>
      <trkpt lat="52.538357" lon="4.833318">
        <ele>-1.47</ele>
      </trkpt>
      <trkpt lat="52.538253" lon="4.832965">
        <ele>-1.6</ele>
      </trkpt>
      <trkpt lat="52.538165" lon="4.832722">
        <ele>-1.71</ele>
      </trkpt>
      <trkpt lat="52.5381" lon="4.832582">
        <ele>-1.79</ele>
      </trkpt>
      <trkpt lat="52.538042" lon="4.832496">
        <ele>-1.86</ele>
      </trkpt>
      <trkpt lat="52.537897" lon="4.832381">
        <ele>-2.1</ele>
      </trkpt>
      <trkpt lat="52.537786" lon="4.832212">
        <ele>-2.26</ele>
      </trkpt>
      <trkpt lat="52.535159" lon="4.827411">
        <ele>-2.03</ele>
      </trkpt>
      <trkpt lat="52.535111" lon="4.827316">
        <ele>-2.05</ele>
      </trkpt>
      <trkpt lat="52.535018" lon="4.827073">
        <ele>-2.01</ele>
      </trkpt>
      <trkpt lat="52.534942" lon="4.826903">
        <ele>-1.9</ele>
      </trkpt>
      <trkpt lat="52.534023" lon="4.825242">
        <ele>-2.57</ele>
      </trkpt>
      <trkpt lat="52.533795" lon="4.824844">
        <ele>-3.01</ele>
      </trkpt>
      <trkpt lat="52.533377" lon="4.824208">
        <ele>-2.54</ele>
      </trkpt>
      <trkpt lat="52.532642" lon="4.823178">
        <ele>-3.1</ele>
      </trkpt>
      <trkpt lat="52.53185" lon="4.822035">
        <ele>-2.48</ele>
      </trkpt>
      <trkpt lat="52.531455" lon="4.82134">
        <ele>-2</ele>
      </trkpt>
      <trkpt lat="52.531244" lon="4.820928">
        <ele>-2.01</ele>
      </trkpt>
      <trkpt lat="52.531091" lon="4.82057">
        <ele>-1.92</ele>
      </trkpt>
      <trkpt lat="52.53093" lon="4.819947">
        <ele>-1.39</ele>
      </trkpt>
      <trkpt lat="52.530874" lon="4.819641">
        <ele>-1.46</ele>
      </trkpt>
      <trkpt lat="52.530752" lon="4.818377">
        <ele>-1.05</ele>
      </trkpt>
      <trkpt lat="52.530601" lon="4.815264">
        <ele>-1.43</ele>
      </trkpt>
      <trkpt lat="52.530576" lon="4.813974">
        <ele>-1.32</ele>
      </trkpt>
      <trkpt lat="52.530553" lon="4.813737">
        <ele>-1.2</ele>
      </trkpt>
      <trkpt lat="52.530492" lon="4.813389">
        <ele>-1</ele>
      </trkpt>
      <trkpt lat="52.530415" lon="4.813043">
        <ele>-1.01</ele>
      </trkpt>
      <trkpt lat="52.530288" lon="4.812587">
        <ele>-1.16</ele>
      </trkpt>
      <trkpt lat="52.530154" lon="4.812201">
        <ele>-1.65</ele>
      </trkpt>
      <trkpt lat="52.52987" lon="4.81153">
        <ele>-1.72</ele>
      </trkpt>
      <trkpt lat="52.529467" lon="4.810922">
        <ele>-1.29</ele>
      </trkpt>
      <trkpt lat="52.528667" lon="4.809846">
        <ele>-2</ele>
      </trkpt>
      <trkpt lat="52.52826" lon="4.80932">
        <ele>-2</ele>
      </trkpt>
      <trkpt lat="52.52778" lon="4.80863">
        <ele>-2.61</ele>
      </trkpt>
      <trkpt lat="52.52754" lon="4.80834">
        <ele>-2.95</ele>
      </trkpt>
      <trkpt lat="52.5255" lon="4.805571">
        <ele>-2.68</ele>
      </trkpt>
      <trkpt lat="52.525186" lon="4.805064">
        <ele>-2.15</ele>
      </trkpt>
      <trkpt lat="52.524838" lon="4.804188">
        <ele>-1.34</ele>
      </trkpt>
      <trkpt lat="52.52478" lon="4.80394">
        <ele>-1.41</ele>
      </trkpt>
      <trkpt lat="52.524752" lon="4.80368">
        <ele>-1.63</ele>
      </trkpt>
      <trkpt lat="52.524745" lon="4.803438">
        <ele>-1.87</ele>
      </trkpt>
      <trkpt lat="52.524693" lon="4.802921">
        <ele>-2</ele>
      </trkpt>
      <trkpt lat="52.524538" lon="4.800779">
        <ele>-2.86</ele>
      </trkpt>
      <trkpt lat="52.524433" lon="4.800036">
        <ele>-2.05</ele>
      </trkpt>
      <trkpt lat="52.524377" lon="4.799314">
        <ele>-1.61</ele>
      </trkpt>
      <trkpt lat="52.524278" lon="4.798837">
        <ele>-1.61</ele>
      </trkpt>
      <trkpt lat="52.524163" lon="4.798442">
        <ele>-1.6</ele>
      </trkpt>
      <trkpt lat="52.523989" lon="4.798096">
        <ele>-1.54</ele>
      </trkpt>
      <trkpt lat="52.523792" lon="4.797799">
        <ele>-1.38</ele>
      </trkpt>
      <trkpt lat="52.52354" lon="4.797477">
        <ele>-1.27</ele>
      </trkpt>
      <trkpt lat="52.522558" lon="4.79632">
        <ele>-1.6</ele>
      </trkpt>
      <trkpt lat="52.521922" lon="4.795639">
        <ele>-2.76</ele>
      </trkpt>
      <trkpt lat="52.521106" lon="4.794709">
        <ele>-0.82</ele>
      </trkpt>
      <trkpt lat="52.520751" lon="4.794164">
        <ele>-0.4</ele>
      </trkpt>
      <trkpt lat="52.519755" lon="4.793083">
        <ele>-1.05</ele>
      </trkpt>
      <trkpt lat="52.519483" lon="4.792735">
        <ele>-0.79</ele>
      </trkpt>
      <trkpt lat="52.519099" lon="4.792201">
        <ele>0.25</ele>
      </trkpt>
      <trkpt lat="52.518716" lon="4.791625">
        <ele>0</ele>
      </trkpt>
      <trkpt lat="52.518484" lon="4.791344">
        <ele>0</ele>
      </trkpt>
      <trkpt lat="52.518385" lon="4.791256">
        <ele>0</ele>
      </trkpt>
      <trkpt lat="52.517675" lon="4.790531">
        <ele>0.43</ele>
      </trkpt>
      <trkpt lat="52.51753" lon="4.790393">
        <ele>0.5</ele>
      </trkpt>
      <trkpt lat="52.517463" lon="4.790392">
        <ele>0.5</ele>
      </trkpt>
      <trkpt lat="52.517391" lon="4.790414">
        <ele>0.51</ele>
      </trkpt>
      <trkpt lat="52.517126" lon="4.790542">
        <ele>0.67</ele>
      </trkpt>
      <trkpt lat="52.516855" lon="4.790686">
        <ele>0.38</ele>
      </trkpt>
      <trkpt lat="52.51651" lon="4.79078">
        <ele>-0.37</ele>
      </trkpt>
      <trkpt lat="52.5164" lon="4.790761">
        <ele>-0.62</ele>
      </trkpt>
      <trkpt lat="52.515903" lon="4.790475">
        <ele>-0.45</ele>
      </trkpt>
      <trkpt lat="52.515621" lon="4.790362">
        <ele>-0.08</ele>
      </trkpt>
      <trkpt lat="52.515336" lon="4.790316">
        <ele>0.1</ele>
      </trkpt>
      <trkpt lat="52.512202" lon="4.79072">
        <ele>-0.93</ele>
      </trkpt>
      <trkpt lat="52.511673" lon="4.790778">
        <ele>-1.45</ele>
      </trkpt>
      <trkpt lat="52.511565" lon="4.790805">
        <ele>-1.63</ele>
      </trkpt>
      <trkpt lat="52.511335" lon="4.790857">
        <ele>-1.97</ele>
      </trkpt>
      <trkpt lat="52.511066" lon="4.790875">
        <ele>-1.46</ele>
      </trkpt>
      <trkpt lat="52.511013" lon="4.790859">
        <ele>-1.25</ele>
      </trkpt>
      <trkpt lat="52.510963" lon="4.790833">
        <ele>-1.03</ele>
      </trkpt>
      <trkpt lat="52.510843" lon="4.790725">
        <ele>-0.48</ele>
      </trkpt>
      <trkpt lat="52.510661" lon="4.790496">
        <ele>-0.07</ele>
      </trkpt>
      <trkpt lat="52.510513" lon="4.79041">
        <ele>-0.01</ele>
      </trkpt>
      <trkpt lat="52.510393" lon="4.790404">
        <ele>0.15</ele>
      </trkpt>
      <trkpt lat="52.510271" lon="4.790456">
        <ele>0.71</ele>
      </trkpt>
      <trkpt lat="52.510151" lon="4.790543">
        <ele>1.35</ele>
      </trkpt>
      <trkpt lat="52.509998" lon="4.790686">
        <ele>2.24</ele>
      </trkpt>
      <trkpt lat="52.509929" lon="4.790802">
        <ele>2.75</ele>
      </trkpt>
      <trkpt lat="52.509894" lon="4.790909">
        <ele>2.32</ele>
      </trkpt>
      <trkpt lat="52.509879" lon="4.791085">
        <ele>1.47</ele>
      </trkpt>
      <trkpt lat="52.5099" lon="4.791388">
        <ele>-0.14</ele>
      </trkpt>
      <trkpt lat="52.509897" lon="4.791563">
        <ele>-1.02</ele>
      </trkpt>
      <trkpt lat="52.509886" lon="4.79164">
        <ele>-1.4</ele>
      </trkpt>
      <trkpt lat="52.50984" lon="4.791763">
        <ele>-1.99</ele>
      </trkpt>
      <trkpt lat="52.509787" lon="4.791842">
        <ele>-2.38</ele>
      </trkpt>
      <trkpt lat="52.5071" lon="4.794598">
        <ele>2.36</ele>
      </trkpt>
      <trkpt lat="52.506828" lon="4.794857">
        <ele>2.44</ele>
      </trkpt>
      <trkpt lat="52.506765" lon="4.794891">
        <ele>2.47</ele>
      </trkpt>
      <trkpt lat="52.506678" lon="4.794913">
        <ele>2.55</ele>
      </trkpt>
      <trkpt lat="52.506562" lon="4.79483">
        <ele>2.79</ele>
      </trkpt>
      <trkpt lat="52.506328" lon="4.794626">
        <ele>3.32</ele>
      </trkpt>
      <trkpt lat="52.506098" lon="4.794497">
        <ele>3.01</ele>
      </trkpt>
      <trkpt lat="52.505607" lon="4.794255">
        <ele>1.53</ele>
      </trkpt>
      <trkpt lat="52.505128" lon="4.794002">
        <ele>0.1</ele>
      </trkpt>
      <trkpt lat="52.50498" lon="4.793967">
        <ele>-0.24</ele>
      </trkpt>
      <trkpt lat="52.504853" lon="4.793972">
        <ele>-0.48</ele>
      </trkpt>
      <trkpt lat="52.50438" lon="4.794099">
        <ele>0.21</ele>
      </trkpt>
      <trkpt lat="52.50409" lon="4.794155">
        <ele>1.93</ele>
      </trkpt>
      <trkpt lat="52.503937" lon="4.794225">
        <ele>2.71</ele>
      </trkpt>
      <trkpt lat="52.503585" lon="4.794478">
        <ele>4.08</ele>
      </trkpt>
      <trkpt lat="52.50332" lon="4.794695">
        <ele>4.88</ele>
      </trkpt>
      <trkpt lat="52.503199" lon="4.794831">
        <ele>5.08</ele>
      </trkpt>
      <trkpt lat="52.503009" lon="4.795013">
        <ele>5.34</ele>
      </trkpt>
      <trkpt lat="52.502831" lon="4.795233">
        <ele>4.4</ele>
      </trkpt>
      <trkpt lat="52.502702" lon="4.795361">
        <ele>3.44</ele>
      </trkpt>
      <trkpt lat="52.502617" lon="4.7954">
        <ele>3.04</ele>
      </trkpt>
      <trkpt lat="52.502553" lon="4.795408">
        <ele>2.83</ele>
      </trkpt>
      <trkpt lat="52.502484" lon="4.7954">
        <ele>2.65</ele>
      </trkpt>
      <trkpt lat="52.502015" lon="4.795244">
        <ele>1.53</ele>
      </trkpt>
      <trkpt lat="52.501893" lon="4.795217">
        <ele>1.31</ele>
      </trkpt>
      <trkpt lat="52.501504" lon="4.795184">
        <ele>0.53</ele>
      </trkpt>
      <trkpt lat="52.50142" lon="4.79519">
        <ele>0.35</ele>
      </trkpt>
      <trkpt lat="52.500768" lon="4.795346">
        <ele>0.32</ele>
      </trkpt>
      <trkpt lat="52.500543" lon="4.795379">
        <ele>0.43</ele>
      </trkpt>
      <trkpt lat="52.500543" lon="4.795379">
        <ele>0.43</ele>
      </trkpt>
      <trkpt lat="52.500128" lon="4.795377">
        <ele>0.51</ele>
      </trkpt>
      <trkpt lat="52.49894" lon="4.795324">
        <ele>0.46</ele>
      </trkpt>
      <trkpt lat="52.498704" lon="4.795266">
        <ele>0.47</ele>
      </trkpt>
      <trkpt lat="52.498557" lon="4.795268">
        <ele>0.83</ele>
      </trkpt>
      <trkpt lat="52.49788" lon="4.79542">
        <ele>2.54</ele>
      </trkpt>
      <trkpt lat="52.497606" lon="4.795515">
        <ele>2.66</ele>
      </trkpt>
      <trkpt lat="52.496451" lon="4.79608">
        <ele>1.23</ele>
      </trkpt>
      <trkpt lat="52.496286" lon="4.796021">
        <ele>0.83</ele>
      </trkpt>
      <trkpt lat="52.495914" lon="4.795729">
        <ele>0.98</ele>
      </trkpt>
      <trkpt lat="52.495759" lon="4.795637">
        <ele>1.03</ele>
      </trkpt>
      <trkpt lat="52.495552" lon="4.795538">
        <ele>1.21</ele>
      </trkpt>
      <trkpt lat="52.495264" lon="4.795419">
        <ele>0.91</ele>
      </trkpt>
      <trkpt lat="52.495053" lon="4.795304">
        <ele>0.29</ele>
      </trkpt>
      <trkpt lat="52.494752" lon="4.795094">
        <ele>-0.54</ele>
      </trkpt>
      <trkpt lat="52.494325" lon="4.794741">
        <ele>-1.31</ele>
      </trkpt>
      <trkpt lat="52.493748" lon="4.794208">
        <ele>-2</ele>
      </trkpt>
      <trkpt lat="52.493573" lon="4.794034">
        <ele>-1.15</ele>
      </trkpt>
      <trkpt lat="52.493463" lon="4.79391">
        <ele>-0.53</ele>
      </trkpt>
      <trkpt lat="52.49288" lon="4.793066">
        <ele>2.04</ele>
      </trkpt>
      <trkpt lat="52.492173" lon="4.79235">
        <ele>2.77</ele>
      </trkpt>
      <trkpt lat="52.492133" lon="4.792329">
        <ele>2.78</ele>
      </trkpt>
      <trkpt lat="52.492039" lon="4.792323">
        <ele>2.83</ele>
      </trkpt>
      <trkpt lat="52.491899" lon="4.792344">
        <ele>2.85</ele>
      </trkpt>
      <trkpt lat="52.491785" lon="4.7924">
        <ele>2.92</ele>
      </trkpt>
      <trkpt lat="52.491745" lon="4.792432">
        <ele>2.95</ele>
      </trkpt>
      <trkpt lat="52.491632" lon="4.792543">
        <ele>2.95</ele>
      </trkpt>
      <trkpt lat="52.491518" lon="4.79269">
        <ele>2.82</ele>
      </trkpt>
      <trkpt lat="52.491441" lon="4.792831">
        <ele>2.66</ele>
      </trkpt>
      <trkpt lat="52.49137" lon="4.792981">
        <ele>2.47</ele>
      </trkpt>
      <trkpt lat="52.491325" lon="4.793109">
        <ele>2.3</ele>
      </trkpt>
      <trkpt lat="52.491306" lon="4.793258">
        <ele>2.11</ele>
      </trkpt>
      <trkpt lat="52.4913" lon="4.793686">
        <ele>1.6</ele>
      </trkpt>
      <trkpt lat="52.491338" lon="4.793911">
        <ele>1.37</ele>
      </trkpt>
      <trkpt lat="52.491714" lon="4.795645">
        <ele>1.56</ele>
      </trkpt>
      <trkpt lat="52.491844" lon="4.796264">
        <ele>1.71</ele>
      </trkpt>
      <trkpt lat="52.491863" lon="4.796398">
        <ele>1.74</ele>
      </trkpt>
      <trkpt lat="52.491864" lon="4.79648">
        <ele>1.74</ele>
      </trkpt>
      <trkpt lat="52.491818" lon="4.797437">
        <ele>1.99</ele>
      </trkpt>
      <trkpt lat="52.491673" lon="4.798898">
        <ele>1.64</ele>
      </trkpt>
      <trkpt lat="52.491662" lon="4.798982">
        <ele>1.59</ele>
      </trkpt>
      <trkpt lat="52.491585" lon="4.798939">
        <ele>1.69</ele>
      </trkpt>
      <trkpt lat="52.490878" lon="4.798569">
        <ele>1.86</ele>
      </trkpt>
      <trkpt lat="52.490729" lon="4.798465">
        <ele>1.88</ele>
      </trkpt>
      <trkpt lat="52.490785" lon="4.79796">
        <ele>2</ele>
      </trkpt>
      <trkpt lat="52.490807" lon="4.797747">
        <ele>2</ele>
      </trkpt>
      <trkpt lat="52.490826" lon="4.797391">
        <ele>1.94</ele>
      </trkpt>
      <trkpt lat="52.490826" lon="4.797391">
        <ele>1.94</ele>
      </trkpt>
      <trkpt lat="52.490818" lon="4.797009">
        <ele>1.73</ele>
      </trkpt>
      <trkpt lat="52.490777" lon="4.796477">
        <ele>1.57</ele>
      </trkpt>
      <trkpt lat="52.490675" lon="4.795582">
        <ele>1.69</ele>
      </trkpt>
      <trkpt lat="52.490507" lon="4.794561">
        <ele>1.89</ele>
      </trkpt>
      <trkpt lat="52.490392" lon="4.79357">
        <ele>1.29</ele>
      </trkpt>
      <trkpt lat="52.489671" lon="4.793295">
        <ele>0.11</ele>
      </trkpt>
      <trkpt lat="52.489752" lon="4.79293">
        <ele>0.21</ele>
      </trkpt>
      <trkpt lat="52.490134" lon="4.790849">
        <ele>-0.96</ele>
      </trkpt>
      <trkpt lat="52.490357" lon="4.789576">
        <ele>-2.1</ele>
      </trkpt>
      <trkpt lat="52.490475" lon="4.788817">
        <ele>-2.09</ele>
      </trkpt>
      <trkpt lat="52.490612" lon="4.788119">
        <ele>-2.06</ele>
      </trkpt>
      <trkpt lat="52.491025" lon="4.786178">
        <ele>-0.93</ele>
      </trkpt>
      <trkpt lat="52.491052" lon="4.786109">
        <ele>-0.95</ele>
      </trkpt>
      <trkpt lat="52.491089" lon="4.786067">
        <ele>-0.93</ele>
      </trkpt>
      <trkpt lat="52.491106" lon="4.786031">
        <ele>-0.94</ele>
      </trkpt>
      <trkpt lat="52.491134" lon="4.785925">
        <ele>-1.01</ele>
      </trkpt>
      <trkpt lat="52.491154" lon="4.785793">
        <ele>-1.11</ele>
      </trkpt>
      <trkpt lat="52.491141" lon="4.785693">
        <ele>-1.13</ele>
      </trkpt>
      <trkpt lat="52.491141" lon="4.7856">
        <ele>-1.13</ele>
      </trkpt>
      <trkpt lat="52.491194" lon="4.785314">
        <ele>-1.07</ele>
      </trkpt>
      <trkpt lat="52.491233" lon="4.785141">
        <ele>-1.02</ele>
      </trkpt>
      <trkpt lat="52.491326" lon="4.784805">
        <ele>-0.81</ele>
      </trkpt>
      <trkpt lat="52.491384" lon="4.784563">
        <ele>-0.67</ele>
      </trkpt>
      <trkpt lat="52.49163" lon="4.783419">
        <ele>-0.55</ele>
      </trkpt>
      <trkpt lat="52.49168" lon="4.783028">
        <ele>-0.6</ele>
      </trkpt>
      <trkpt lat="52.49178" lon="4.782533">
        <ele>-0.42</ele>
      </trkpt>
      <trkpt lat="52.491824" lon="4.782448">
        <ele>-0.25</ele>
      </trkpt>
      <trkpt lat="52.491864" lon="4.782401">
        <ele>-0.1</ele>
      </trkpt>
      <trkpt lat="52.491901" lon="4.782264">
        <ele>-0.06</ele>
      </trkpt>
      <trkpt lat="52.491926" lon="4.782119">
        <ele>-0.09</ele>
      </trkpt>
      <trkpt lat="52.491907" lon="4.781951">
        <ele>-0.33</ele>
      </trkpt>
      <trkpt lat="52.492159" lon="4.781">
        <ele>0.28</ele>
      </trkpt>
      <trkpt lat="52.492423" lon="4.779821">
        <ele>-0.25</ele>
      </trkpt>
      <trkpt lat="52.492896" lon="4.777816">
        <ele>-1.02</ele>
      </trkpt>
      <trkpt lat="52.493482" lon="4.77546">
        <ele>1.85</ele>
      </trkpt>
      <trkpt lat="52.493628" lon="4.774772">
        <ele>1.32</ele>
      </trkpt>
      <trkpt lat="52.493726" lon="4.774143">
        <ele>1.08</ele>
      </trkpt>
      <trkpt lat="52.49385" lon="4.773084">
        <ele>2</ele>
      </trkpt>
      <trkpt lat="52.493908" lon="4.772503">
        <ele>2</ele>
      </trkpt>
      <trkpt lat="52.494106" lon="4.770301">
        <ele>1.61</ele>
      </trkpt>
      <trkpt lat="52.494129" lon="4.769961">
        <ele>1.09</ele>
      </trkpt>
      <trkpt lat="52.494172" lon="4.768934">
        <ele>0.38</ele>
      </trkpt>
      <trkpt lat="52.494205" lon="4.767297">
        <ele>-0.56</ele>
      </trkpt>
      <trkpt lat="52.494259" lon="4.765443">
        <ele>-1.19</ele>
      </trkpt>
      <trkpt lat="52.494288" lon="4.764615">
        <ele>-0.38</ele>
      </trkpt>
      <trkpt lat="52.494322" lon="4.764263">
        <ele>-0.11</ele>
      </trkpt>
      <trkpt lat="52.494349" lon="4.764082">
        <ele>0.04</ele>
      </trkpt>
      <trkpt lat="52.49443" lon="4.763686">
        <ele>0.43</ele>
      </trkpt>
      <trkpt lat="52.494811" lon="4.762287">
        <ele>0.52</ele>
      </trkpt>
      <trkpt lat="52.494939" lon="4.761752">
        <ele>-0.28</ele>
      </trkpt>
      <trkpt lat="52.495018" lon="4.761358">
        <ele>-0.52</ele>
      </trkpt>
      <trkpt lat="52.495392" lon="4.758121">
        <ele>-2</ele>
      </trkpt>
      <trkpt lat="52.495533" lon="4.756838">
        <ele>-1.68</ele>
      </trkpt>
      <trkpt lat="52.495802" lon="4.754046">
        <ele>-0.96</ele>
      </trkpt>
      <trkpt lat="52.495911" lon="4.753235">
        <ele>-0.41</ele>
      </trkpt>
      <trkpt lat="52.495939" lon="4.753066">
        <ele>-0.37</ele>
      </trkpt>
      <trkpt lat="52.49602" lon="4.752671">
        <ele>-0.28</ele>
      </trkpt>
      <trkpt lat="52.496113" lon="4.752283">
        <ele>-0.37</ele>
      </trkpt>
      <trkpt lat="52.496285" lon="4.751657">
        <ele>-0.88</ele>
      </trkpt>
      <trkpt lat="52.49644" lon="4.751176">
        <ele>-0.67</ele>
      </trkpt>
      <trkpt lat="52.49657" lon="4.750812">
        <ele>-0.61</ele>
      </trkpt>
      <trkpt lat="52.496699" lon="4.750483">
        <ele>-0.83</ele>
      </trkpt>
      <trkpt lat="52.496952" lon="4.749915">
        <ele>-1.2</ele>
      </trkpt>
      <trkpt lat="52.499001" lon="4.746011">
        <ele>-1.43</ele>
      </trkpt>
      <trkpt lat="52.499167" lon="4.745649">
        <ele>-1.67</ele>
      </trkpt>
      <trkpt lat="52.499882" lon="4.744276">
        <ele>-2.17</ele>
      </trkpt>
      <trkpt lat="52.500376" lon="4.743352">
        <ele>-1.98</ele>
      </trkpt>
      <trkpt lat="52.500738" lon="4.742727">
        <ele>-2</ele>
      </trkpt>
      <trkpt lat="52.501027" lon="4.742197">
        <ele>-1.69</ele>
      </trkpt>
      <trkpt lat="52.501229" lon="4.74182">
        <ele>-1.23</ele>
      </trkpt>
      <trkpt lat="52.501512" lon="4.74125">
        <ele>-1.14</ele>
      </trkpt>
      <trkpt lat="52.502517" lon="4.739344">
        <ele>-1.86</ele>
      </trkpt>
      <trkpt lat="52.502391" lon="4.739015">
        <ele>-1.87</ele>
      </trkpt>
      <trkpt lat="52.501928" lon="4.737992">
        <ele>-0.71</ele>
      </trkpt>
      <trkpt lat="52.501664" lon="4.737477">
        <ele>-0.52</ele>
      </trkpt>
      <trkpt lat="52.50116" lon="4.73642">
        <ele>-0.11</ele>
      </trkpt>
      <trkpt lat="52.499941" lon="4.734106">
        <ele>-1.01</ele>
      </trkpt>
      <trkpt lat="52.499827" lon="4.733851">
        <ele>-1.09</ele>
      </trkpt>
      <trkpt lat="52.499781" lon="4.73377">
        <ele>-1.1</ele>
      </trkpt>
      <trkpt lat="52.499636" lon="4.733609">
        <ele>-1.04</ele>
      </trkpt>
      <trkpt lat="52.49957" lon="4.73352">
        <ele>-1</ele>
      </trkpt>
      <trkpt lat="52.499534" lon="4.733448">
        <ele>-1</ele>
      </trkpt>
      <trkpt lat="52.499507" lon="4.733365">
        <ele>-1</ele>
      </trkpt>
      <trkpt lat="52.49947" lon="4.733169">
        <ele>-1</ele>
      </trkpt>
      <trkpt lat="52.499392" lon="4.732483">
        <ele>-1</ele>
      </trkpt>
      <trkpt lat="52.499414" lon="4.732268">
        <ele>-1</ele>
      </trkpt>
      <trkpt lat="52.499539" lon="4.731828">
        <ele>-1</ele>
      </trkpt>
      <trkpt lat="52.499567" lon="4.731693">
        <ele>-1</ele>
      </trkpt>
      <trkpt lat="52.499569" lon="4.731537">
        <ele>-1</ele>
      </trkpt>
      <trkpt lat="52.499544" lon="4.731367">
        <ele>-1</ele>
      </trkpt>
      <trkpt lat="52.499487" lon="4.731167">
        <ele>-1</ele>
      </trkpt>
      <trkpt lat="52.499428" lon="4.73099">
        <ele>-1</ele>
      </trkpt>
      <trkpt lat="52.499393" lon="4.73091">
        <ele>-1</ele>
      </trkpt>
      <trkpt lat="52.499352" lon="4.730831">
        <ele>-1</ele>
      </trkpt>
      <trkpt lat="52.499217" lon="4.730639">
        <ele>-1.18</ele>
      </trkpt>
      <trkpt lat="52.499169" lon="4.730533">
        <ele>-1.31</ele>
      </trkpt>
      <trkpt lat="52.49913" lon="4.730375">
        <ele>-1.5</ele>
      </trkpt>
      <trkpt lat="52.49911" lon="4.730225">
        <ele>-1.68</ele>
      </trkpt>
      <trkpt lat="52.499063" lon="4.730008">
        <ele>-1.94</ele>
      </trkpt>
      <trkpt lat="52.498958" lon="4.729724">
        <ele>-2</ele>
      </trkpt>
      <trkpt lat="52.498843" lon="4.729492">
        <ele>-2</ele>
      </trkpt>
      <trkpt lat="52.498738" lon="4.729327">
        <ele>-1.99</ele>
      </trkpt>
      <trkpt lat="52.498497" lon="4.728982">
        <ele>-1.86</ele>
      </trkpt>
      <trkpt lat="52.498269" lon="4.728572">
        <ele>-2.08</ele>
      </trkpt>
      <trkpt lat="52.498124" lon="4.728335">
        <ele>-2.19</ele>
      </trkpt>
      <trkpt lat="52.497893" lon="4.727989">
        <ele>-1.97</ele>
      </trkpt>
      <trkpt lat="52.497849" lon="4.727903">
        <ele>-1.92</ele>
      </trkpt>
      <trkpt lat="52.497792" lon="4.727765">
        <ele>-1.85</ele>
      </trkpt>
      <trkpt lat="52.49766" lon="4.727584">
        <ele>-1.69</ele>
      </trkpt>
      <trkpt lat="52.497544" lon="4.727478">
        <ele>-1.55</ele>
      </trkpt>
      <trkpt lat="52.497408" lon="4.727395">
        <ele>-1.37</ele>
      </trkpt>
      <trkpt lat="52.497333" lon="4.727386">
        <ele>-1.27</ele>
      </trkpt>
      <trkpt lat="52.497294" lon="4.727409">
        <ele>-1.23</ele>
      </trkpt>
      <trkpt lat="52.497169" lon="4.727529">
        <ele>-1.1</ele>
      </trkpt>
      <trkpt lat="52.497128" lon="4.727556">
        <ele>-1.05</ele>
      </trkpt>
      <trkpt lat="52.49708" lon="4.727561">
        <ele>-1</ele>
      </trkpt>
      <trkpt lat="52.497025" lon="4.727544">
        <ele>-1.07</ele>
      </trkpt>
      <trkpt lat="52.496956" lon="4.72749">
        <ele>-1.15</ele>
      </trkpt>
      <trkpt lat="52.496481" lon="4.72696">
        <ele>-1.56</ele>
      </trkpt>
      <trkpt lat="52.496417" lon="4.726847">
        <ele>-1.65</ele>
      </trkpt>
      <trkpt lat="52.496381" lon="4.72672">
        <ele>-1.7</ele>
      </trkpt>
      <trkpt lat="52.496352" lon="4.726454">
        <ele>-1.75</ele>
      </trkpt>
      <trkpt lat="52.496284" lon="4.725599">
        <ele>-1.71</ele>
      </trkpt>
      <trkpt lat="52.496199" lon="4.724091">
        <ele>-1.03</ele>
      </trkpt>
      <trkpt lat="52.496195" lon="4.723928">
        <ele>-1.22</ele>
      </trkpt>
      <trkpt lat="52.496204" lon="4.723475">
        <ele>-1.73</ele>
      </trkpt>
      <trkpt lat="52.496198" lon="4.723362">
        <ele>-1.85</ele>
      </trkpt>
      <trkpt lat="52.496176" lon="4.723225">
        <ele>-1.91</ele>
      </trkpt>
      <trkpt lat="52.496146" lon="4.723145">
        <ele>-1.88</ele>
      </trkpt>
      <trkpt lat="52.496091" lon="4.722962">
        <ele>-1.81</ele>
      </trkpt>
      <trkpt lat="52.496073" lon="4.722817">
        <ele>-1.79</ele>
      </trkpt>
      <trkpt lat="52.496079" lon="4.722412">
        <ele>-1.75</ele>
      </trkpt>
      <trkpt lat="52.496023" lon="4.722007">
        <ele>-1.19</ele>
      </trkpt>
      <trkpt lat="52.495952" lon="4.721896">
        <ele>-0.97</ele>
      </trkpt>
      <trkpt lat="52.49559" lon="4.721063">
        <ele>-0.07</ele>
      </trkpt>
      <trkpt lat="52.495104" lon="4.721356">
        <ele>-0.75</ele>
      </trkpt>
      <trkpt lat="52.495028" lon="4.721366">
        <ele>-0.93</ele>
      </trkpt>
      <trkpt lat="52.49499" lon="4.72133">
        <ele>-1.02</ele>
      </trkpt>
      <trkpt lat="52.494864" lon="4.721129">
        <ele>-1.33</ele>
      </trkpt>
      <trkpt lat="52.49472" lon="4.72092">
        <ele>-1.67</ele>
      </trkpt>
      <trkpt lat="52.4947" lon="4.72082">
        <ele>-1.72</ele>
      </trkpt>
      <trkpt lat="52.494695" lon="4.72052">
        <ele>-1.5</ele>
      </trkpt>
      <trkpt lat="52.49446" lon="4.7192">
        <ele>-1.01</ele>
      </trkpt>
      <trkpt lat="52.494379" lon="4.718842">
        <ele>-1</ele>
      </trkpt>
      <trkpt lat="52.494191" lon="4.718251">
        <ele>-1</ele>
      </trkpt>
      <trkpt lat="52.493811" lon="4.717247">
        <ele>-1</ele>
      </trkpt>
      <trkpt lat="52.493539" lon="4.716598">
        <ele>-1.26</ele>
      </trkpt>
      <trkpt lat="52.493539" lon="4.716598">
        <ele>-1.26</ele>
      </trkpt>
      <trkpt lat="52.493223" lon="4.71595">
        <ele>-1.63</ele>
      </trkpt>
      <trkpt lat="52.4925" lon="4.714392">
        <ele>-2</ele>
      </trkpt>
      <trkpt lat="52.492382" lon="4.714187">
        <ele>-2.28</ele>
      </trkpt>
      <trkpt lat="52.49221" lon="4.713977">
        <ele>-2.58</ele>
      </trkpt>
      <trkpt lat="52.491716" lon="4.713671">
        <ele>-2.06</ele>
      </trkpt>
      <trkpt lat="52.49138" lon="4.71331">
        <ele>-1.98</ele>
      </trkpt>
      <trkpt lat="52.49006" lon="4.71224">
        <ele>-1.68</ele>
      </trkpt>
      <trkpt lat="52.489828" lon="4.712036">
        <ele>-1.65</ele>
      </trkpt>
      <trkpt lat="52.4893" lon="4.711383">
        <ele>-2.1</ele>
      </trkpt>
      <trkpt lat="52.48879" lon="4.7107">
        <ele>-2.95</ele>
      </trkpt>
      <trkpt lat="52.48853" lon="4.71023">
        <ele>-2.83</ele>
      </trkpt>
      <trkpt lat="52.48833" lon="4.71002">
        <ele>-2.54</ele>
      </trkpt>
      <trkpt lat="52.48799" lon="4.70979">
        <ele>-1.91</ele>
      </trkpt>
      <trkpt lat="52.48789" lon="4.7097">
        <ele>-1.71</ele>
      </trkpt>
      <trkpt lat="52.48765" lon="4.70955">
        <ele>-1.67</ele>
      </trkpt>
      <trkpt lat="52.48737" lon="4.7095">
        <ele>-1.81</ele>
      </trkpt>
      <trkpt lat="52.487111" lon="4.709351">
        <ele>-1.97</ele>
      </trkpt>
      <trkpt lat="52.486889" lon="4.70926">
        <ele>-1.81</ele>
      </trkpt>
      <trkpt lat="52.486701" lon="4.709208">
        <ele>-1.59</ele>
      </trkpt>
      <trkpt lat="52.485476" lon="4.709074">
        <ele>-1.98</ele>
      </trkpt>
      <trkpt lat="52.485299" lon="4.709037">
        <ele>-2.08</ele>
      </trkpt>
      <trkpt lat="52.48493" lon="4.708913">
        <ele>-2.1</ele>
      </trkpt>
      <trkpt lat="52.484692" lon="4.708758">
        <ele>-2.06</ele>
      </trkpt>
      <trkpt lat="52.484247" lon="4.708561">
        <ele>-2</ele>
      </trkpt>
      <trkpt lat="52.48273" lon="4.70771">
        <ele>-2.93</ele>
      </trkpt>
      <trkpt lat="52.482158" lon="4.707504">
        <ele>-2.94</ele>
      </trkpt>
      <trkpt lat="52.482041" lon="4.70754">
        <ele>-2.8</ele>
      </trkpt>
      <trkpt lat="52.481912" lon="4.707541">
        <ele>-2.51</ele>
      </trkpt>
      <trkpt lat="52.480858" lon="4.707393">
        <ele>-1</ele>
      </trkpt>
      <trkpt lat="52.480778" lon="4.707411">
        <ele>-1</ele>
      </trkpt>
      <trkpt lat="52.480714" lon="4.707447">
        <ele>-1</ele>
      </trkpt>
      <trkpt lat="52.48055" lon="4.70767">
        <ele>-1</ele>
      </trkpt>
      <trkpt lat="52.48049" lon="4.70769">
        <ele>-1</ele>
      </trkpt>
      <trkpt lat="52.480342" lon="4.707684">
        <ele>-1</ele>
      </trkpt>
      <trkpt lat="52.480283" lon="4.707655">
        <ele>-1</ele>
      </trkpt>
      <trkpt lat="52.480194" lon="4.707583">
        <ele>-1</ele>
      </trkpt>
      <trkpt lat="52.480048" lon="4.707336">
        <ele>-1.06</ele>
      </trkpt>
      <trkpt lat="52.479953" lon="4.707246">
        <ele>-1.14</ele>
      </trkpt>
      <trkpt lat="52.479691" lon="4.707146">
        <ele>-1.32</ele>
      </trkpt>
      <trkpt lat="52.479527" lon="4.707024">
        <ele>-1.51</ele>
      </trkpt>
      <trkpt lat="52.479323" lon="4.706724">
        <ele>-1.87</ele>
      </trkpt>
      <trkpt lat="52.479173" lon="4.706452">
        <ele>-2.1</ele>
      </trkpt>
      <trkpt lat="52.479081" lon="4.706368">
        <ele>-2.18</ele>
      </trkpt>
      <trkpt lat="52.478967" lon="4.706353">
        <ele>-2.23</ele>
      </trkpt>
      <trkpt lat="52.477974" lon="4.706603">
        <ele>-1.07</ele>
      </trkpt>
      <trkpt lat="52.477801" lon="4.706616">
        <ele>-1</ele>
      </trkpt>
      <trkpt lat="52.477652" lon="4.706603">
        <ele>-1</ele>
      </trkpt>
      <trkpt lat="52.477463" lon="4.706491">
        <ele>-1</ele>
      </trkpt>
      <trkpt lat="52.477386" lon="4.706426">
        <ele>-1</ele>
      </trkpt>
      <trkpt lat="52.47717" lon="4.706174">
        <ele>-1</ele>
      </trkpt>
      <trkpt lat="52.47709" lon="4.706013">
        <ele>-1</ele>
      </trkpt>
      <trkpt lat="52.476963" lon="4.705831">
        <ele>-0.99</ele>
      </trkpt>
      <trkpt lat="52.47686" lon="4.70573">
        <ele>-1.02</ele>
      </trkpt>
      <trkpt lat="52.476329" lon="4.705522">
        <ele>-1.28</ele>
      </trkpt>
      <trkpt lat="52.475972" lon="4.705479">
        <ele>-1.45</ele>
      </trkpt>
      <trkpt lat="52.4755" lon="4.705497">
        <ele>-1.62</ele>
      </trkpt>
      <trkpt lat="52.475433" lon="4.705511">
        <ele>-1.66</ele>
      </trkpt>
      <trkpt lat="52.475305" lon="4.705594">
        <ele>-1.8</ele>
      </trkpt>
      <trkpt lat="52.475175" lon="4.705756">
        <ele>-1.98</ele>
      </trkpt>
      <trkpt lat="52.474778" lon="4.706371">
        <ele>-2</ele>
      </trkpt>
      <trkpt lat="52.474649" lon="4.706482">
        <ele>-2</ele>
      </trkpt>
      <trkpt lat="52.474504" lon="4.706528">
        <ele>-2</ele>
      </trkpt>
      <trkpt lat="52.474382" lon="4.706533">
        <ele>-2</ele>
      </trkpt>
      <trkpt lat="52.474168" lon="4.706517">
        <ele>-2</ele>
      </trkpt>
      <trkpt lat="52.473934" lon="4.706479">
        <ele>-2</ele>
      </trkpt>
      <trkpt lat="52.473848" lon="4.706445">
        <ele>-2</ele>
      </trkpt>
      <trkpt lat="52.473734" lon="4.706378">
        <ele>-1.99</ele>
      </trkpt>
      <trkpt lat="52.473144" lon="4.705733">
        <ele>-1.34</ele>
      </trkpt>
      <trkpt lat="52.472794" lon="4.705312">
        <ele>-1.49</ele>
      </trkpt>
      <trkpt lat="52.472685" lon="4.705216">
        <ele>-1.5</ele>
      </trkpt>
      <trkpt lat="52.472548" lon="4.705173">
        <ele>-1.41</ele>
      </trkpt>
      <trkpt lat="52.470984" lon="4.705133">
        <ele>-1.92</ele>
      </trkpt>
      <trkpt lat="52.470862" lon="4.705183">
        <ele>-1.98</ele>
      </trkpt>
      <trkpt lat="52.470717" lon="4.705282">
        <ele>-2.11</ele>
      </trkpt>
      <trkpt lat="52.470418" lon="4.705637">
        <ele>-2.81</ele>
      </trkpt>
      <trkpt lat="52.470234" lon="4.705995">
        <ele>-2.57</ele>
      </trkpt>
      <trkpt lat="52.470171" lon="4.706093">
        <ele>-2.42</ele>
      </trkpt>
      <trkpt lat="52.470098" lon="4.706178">
        <ele>-2.25</ele>
      </trkpt>
      <trkpt lat="52.469987" lon="4.706181">
        <ele>-1.98</ele>
      </trkpt>
      <trkpt lat="52.469887" lon="4.706171">
        <ele>-1.74</ele>
      </trkpt>
      <trkpt lat="52.469782" lon="4.706054">
        <ele>-1.49</ele>
      </trkpt>
      <trkpt lat="52.469698" lon="4.705877">
        <ele>-1.29</ele>
      </trkpt>
      <trkpt lat="52.469458" lon="4.705631">
        <ele>-1.28</ele>
      </trkpt>
      <trkpt lat="52.469293" lon="4.70544">
        <ele>-1.47</ele>
      </trkpt>
      <trkpt lat="52.468686" lon="4.70489">
        <ele>-1</ele>
      </trkpt>
      <trkpt lat="52.46867" lon="4.704801">
        <ele>-1</ele>
      </trkpt>
      <trkpt lat="52.468619" lon="4.704671">
        <ele>-1</ele>
      </trkpt>
      <trkpt lat="52.468048" lon="4.703909">
        <ele>-1.04</ele>
      </trkpt>
      <trkpt lat="52.467913" lon="4.703677">
        <ele>-1</ele>
      </trkpt>
      <trkpt lat="52.467525" lon="4.702786">
        <ele>-1</ele>
      </trkpt>
      <trkpt lat="52.467377" lon="4.702487">
        <ele>-1</ele>
      </trkpt>
      <trkpt lat="52.467207" lon="4.702063">
        <ele>-1.07</ele>
      </trkpt>
      <trkpt lat="52.467126" lon="4.701792">
        <ele>-1.05</ele>
      </trkpt>
      <trkpt lat="52.467037" lon="4.701407">
        <ele>-1.05</ele>
      </trkpt>
      <trkpt lat="52.466981" lon="4.701124">
        <ele>-1.12</ele>
      </trkpt>
      <trkpt lat="52.46694" lon="4.70098">
        <ele>-1.17</ele>
      </trkpt>
      <trkpt lat="52.466798" lon="4.700594">
        <ele>-1.34</ele>
      </trkpt>
      <trkpt lat="52.466704" lon="4.700391">
        <ele>-1.45</ele>
      </trkpt>
      <trkpt lat="52.466606" lon="4.700217">
        <ele>-1.57</ele>
      </trkpt>
      <trkpt lat="52.466506" lon="4.70008">
        <ele>-1.69</ele>
      </trkpt>
      <trkpt lat="52.466336" lon="4.699961">
        <ele>-1.89</ele>
      </trkpt>
      <trkpt lat="52.466175" lon="4.699886">
        <ele>-2</ele>
      </trkpt>
      <trkpt lat="52.466083" lon="4.699778">
        <ele>-2</ele>
      </trkpt>
      <trkpt lat="52.466045" lon="4.6997">
        <ele>-2</ele>
      </trkpt>
      <trkpt lat="52.465943" lon="4.699543">
        <ele>-2</ele>
      </trkpt>
      <trkpt lat="52.465827" lon="4.699416">
        <ele>-2</ele>
      </trkpt>
      <trkpt lat="52.465666" lon="4.69933">
        <ele>-2</ele>
      </trkpt>
      <trkpt lat="52.465545" lon="4.699316">
        <ele>-2</ele>
      </trkpt>
      <trkpt lat="52.465449" lon="4.699336">
        <ele>-2</ele>
      </trkpt>
      <trkpt lat="52.465207" lon="4.699445">
        <ele>-1.85</ele>
      </trkpt>
      <trkpt lat="52.46485" lon="4.699568">
        <ele>-1.69</ele>
      </trkpt>
      <trkpt lat="52.464545" lon="4.699658">
        <ele>-1.65</ele>
      </trkpt>
      <trkpt lat="52.463928" lon="4.699757">
        <ele>-1.77</ele>
      </trkpt>
      <trkpt lat="52.46373" lon="4.69975">
        <ele>-1.74</ele>
      </trkpt>
      <trkpt lat="52.463505" lon="4.699665">
        <ele>-1.37</ele>
      </trkpt>
      <trkpt lat="52.463398" lon="4.699684">
        <ele>-1.27</ele>
      </trkpt>
      <trkpt lat="52.46332" lon="4.69973">
        <ele>-1.23</ele>
      </trkpt>
      <trkpt lat="52.463227" lon="4.699819">
        <ele>-1.22</ele>
      </trkpt>
      <trkpt lat="52.463039" lon="4.700094">
        <ele>-1.33</ele>
      </trkpt>
      <trkpt lat="52.462928" lon="4.700168">
        <ele>-1.28</ele>
      </trkpt>
      <trkpt lat="52.46278" lon="4.700211">
        <ele>-1.42</ele>
      </trkpt>
      <trkpt lat="52.46261" lon="4.700194">
        <ele>-1.55</ele>
      </trkpt>
      <trkpt lat="52.462506" lon="4.700135">
        <ele>-1.6</ele>
      </trkpt>
      <trkpt lat="52.462432" lon="4.700048">
        <ele>-1.62</ele>
      </trkpt>
      <trkpt lat="52.462229" lon="4.699565">
        <ele>-1.73</ele>
      </trkpt>
      <trkpt lat="52.462134" lon="4.699413">
        <ele>-1.89</ele>
      </trkpt>
      <trkpt lat="52.462039" lon="4.699369">
        <ele>-1.99</ele>
      </trkpt>
      <trkpt lat="52.461946" lon="4.699342">
        <ele>-1.96</ele>
      </trkpt>
      <trkpt lat="52.461789" lon="4.699351">
        <ele>-1.9</ele>
      </trkpt>
      <trkpt lat="52.461674" lon="4.699376">
        <ele>-1.85</ele>
      </trkpt>
      <trkpt lat="52.461587" lon="4.699426">
        <ele>-1.78</ele>
      </trkpt>
      <trkpt lat="52.461471" lon="4.699554">
        <ele>-1.62</ele>
      </trkpt>
      <trkpt lat="52.461305" lon="4.699902">
        <ele>-1.13</ele>
      </trkpt>
      <trkpt lat="52.46099" lon="4.70045">
        <ele>-0.7</ele>
      </trkpt>
      <trkpt lat="52.46064" lon="4.700978">
        <ele>-0.79</ele>
      </trkpt>
      <trkpt lat="52.460316" lon="4.70133">
        <ele>-1</ele>
      </trkpt>
      <trkpt lat="52.460246" lon="4.701726">
        <ele>-1.13</ele>
      </trkpt>
      <trkpt lat="52.460199" lon="4.701863">
        <ele>-1.3</ele>
      </trkpt>
      <trkpt lat="52.460125" lon="4.701972">
        <ele>-1.43</ele>
      </trkpt>
      <trkpt lat="52.45996" lon="4.702185">
        <ele>-1.68</ele>
      </trkpt>
      <trkpt lat="52.459848" lon="4.70253">
        <ele>-2</ele>
      </trkpt>
      <trkpt lat="52.459587" lon="4.703504">
        <ele>-2</ele>
      </trkpt>
      <trkpt lat="52.459506" lon="4.703742">
        <ele>-2.04</ele>
      </trkpt>
      <trkpt lat="52.459375" lon="4.703981">
        <ele>-2.04</ele>
      </trkpt>
      <trkpt lat="52.459227" lon="4.704188">
        <ele>-2</ele>
      </trkpt>
      <trkpt lat="52.459113" lon="4.704311">
        <ele>-2</ele>
      </trkpt>
      <trkpt lat="52.458961" lon="4.704375">
        <ele>-2</ele>
      </trkpt>
      <trkpt lat="52.458862" lon="4.704383">
        <ele>-2</ele>
      </trkpt>
      <trkpt lat="52.458693" lon="4.70435">
        <ele>-2</ele>
      </trkpt>
      <trkpt lat="52.458519" lon="4.704332">
        <ele>-2</ele>
      </trkpt>
      <trkpt lat="52.458371" lon="4.704354">
        <ele>-2</ele>
      </trkpt>
      <trkpt lat="52.458243" lon="4.704408">
        <ele>-2</ele>
      </trkpt>
      <trkpt lat="52.458117" lon="4.704491">
        <ele>-2</ele>
      </trkpt>
      <trkpt lat="52.457942" lon="4.70465">
        <ele>-2</ele>
      </trkpt>
      <trkpt lat="52.457753" lon="4.704874">
        <ele>-1.81</ele>
      </trkpt>
      <trkpt lat="52.45742" lon="4.705373">
        <ele>-1.2</ele>
      </trkpt>
      <trkpt lat="52.457326" lon="4.705535">
        <ele>-1.09</ele>
      </trkpt>
      <trkpt lat="52.457051" lon="4.706112">
        <ele>-1.03</ele>
      </trkpt>
      <trkpt lat="52.456936" lon="4.706298">
        <ele>-1.17</ele>
      </trkpt>
      <trkpt lat="52.456761" lon="4.706427">
        <ele>-1.38</ele>
      </trkpt>
      <trkpt lat="52.456436" lon="4.706629">
        <ele>-1.76</ele>
      </trkpt>
      <trkpt lat="52.456187" lon="4.70696">
        <ele>-1.59</ele>
      </trkpt>
      <trkpt lat="52.456047" lon="4.707042">
        <ele>-1.49</ele>
      </trkpt>
      <trkpt lat="52.455972" lon="4.707035">
        <ele>-1.5</ele>
      </trkpt>
      <trkpt lat="52.455863" lon="4.706963">
        <ele>-1.59</ele>
      </trkpt>
      <trkpt lat="52.455146" lon="4.706316">
        <ele>-2</ele>
      </trkpt>
      <trkpt lat="52.455022" lon="4.706151">
        <ele>-2</ele>
      </trkpt>
      <trkpt lat="52.454749" lon="4.70572">
        <ele>-2</ele>
      </trkpt>
      <trkpt lat="52.454648" lon="4.705654">
        <ele>-2</ele>
      </trkpt>
      <trkpt lat="52.454377" lon="4.705593">
        <ele>-1.82</ele>
      </trkpt>
      <trkpt lat="52.453707" lon="4.705113">
        <ele>-1.81</ele>
      </trkpt>
      <trkpt lat="52.453468" lon="4.704912">
        <ele>-2</ele>
      </trkpt>
      <trkpt lat="52.45315" lon="4.704707">
        <ele>-2</ele>
      </trkpt>
      <trkpt lat="52.452967" lon="4.70464">
        <ele>-2</ele>
      </trkpt>
      <trkpt lat="52.452645" lon="4.704613">
        <ele>-2</ele>
      </trkpt>
      <trkpt lat="52.452525" lon="4.704559">
        <ele>-2</ele>
      </trkpt>
      <trkpt lat="52.452449" lon="4.704486">
        <ele>-2</ele>
      </trkpt>
      <trkpt lat="52.451816" lon="4.703282">
        <ele>-2</ele>
      </trkpt>
      <trkpt lat="52.451398" lon="4.70246">
        <ele>-2</ele>
      </trkpt>
      <trkpt lat="52.45125" lon="4.702337">
        <ele>-2</ele>
      </trkpt>
      <trkpt lat="52.45114" lon="4.702353">
        <ele>-2.11</ele>
      </trkpt>
      <trkpt lat="52.447594" lon="4.703907">
        <ele>-2</ele>
      </trkpt>
      <trkpt lat="52.445664" lon="4.704761">
        <ele>-2</ele>
      </trkpt>
      <trkpt lat="52.445451" lon="4.70488">
        <ele>-2</ele>
      </trkpt>
      <trkpt lat="52.445337" lon="4.704965">
        <ele>-2.08</ele>
      </trkpt>
      <trkpt lat="52.445154" lon="4.705192">
        <ele>-2.22</ele>
      </trkpt>
      <trkpt lat="52.444592" lon="4.705947">
        <ele>-2.19</ele>
      </trkpt>
      <trkpt lat="52.444086" lon="4.706516">
        <ele>-2.36</ele>
      </trkpt>
      <trkpt lat="52.443747" lon="4.706877">
        <ele>-2.22</ele>
      </trkpt>
      <trkpt lat="52.443222" lon="4.707434">
        <ele>-2</ele>
      </trkpt>
      <trkpt lat="52.443119" lon="4.707506">
        <ele>-2</ele>
      </trkpt>
      <trkpt lat="52.44246" lon="4.707765">
        <ele>-2</ele>
      </trkpt>
      <trkpt lat="52.44176" lon="4.708069">
        <ele>-1.25</ele>
      </trkpt>
      <trkpt lat="52.440653" lon="4.708696">
        <ele>1.77</ele>
      </trkpt>
      <trkpt lat="52.440412" lon="4.708924">
        <ele>2.22</ele>
      </trkpt>
      <trkpt lat="52.440249" lon="4.709143">
        <ele>1.39</ele>
      </trkpt>
      <trkpt lat="52.440129" lon="4.709013">
        <ele>1.13</ele>
      </trkpt>
      <trkpt lat="52.440593" lon="4.70744">
        <ele>2.31</ele>
      </trkpt>
      <trkpt lat="52.440765" lon="4.706984">
        <ele>1.31</ele>
      </trkpt>
      <trkpt lat="52.441442" lon="4.705655">
        <ele>0.68</ele>
      </trkpt>
      <trkpt lat="52.447706" lon="4.693129">
        <ele>-3.18</ele>
      </trkpt>
      <trkpt lat="52.448897" lon="4.694859">
        <ele>-3.11</ele>
      </trkpt>
      <trkpt lat="52.450068" lon="4.696561">
        <ele>-3.04</ele>
      </trkpt>
      <trkpt lat="52.450169" lon="4.696638">
        <ele>-2.98</ele>
      </trkpt>
      <trkpt lat="52.45037" lon="4.69665">
        <ele>-2.96</ele>
      </trkpt>
      <trkpt lat="52.45096" lon="4.69662">
        <ele>-3.66</ele>
      </trkpt>
      <trkpt lat="52.451128" lon="4.696626">
        <ele>-3.85</ele>
      </trkpt>
      <trkpt lat="52.45118" lon="4.69658">
        <ele>-3.93</ele>
      </trkpt>
      <trkpt lat="52.45137" lon="4.69629">
        <ele>-4</ele>
      </trkpt>
      <trkpt lat="52.453537" lon="4.692313">
        <ele>-2.16</ele>
      </trkpt>
      <trkpt lat="52.45507" lon="4.689444">
        <ele>-3.41</ele>
      </trkpt>
      <trkpt lat="52.455138" lon="4.689366">
        <ele>-3.33</ele>
      </trkpt>
      <trkpt lat="52.455213" lon="4.689336">
        <ele>-3.23</ele>
      </trkpt>
      <trkpt lat="52.455307" lon="4.689386">
        <ele>-3.12</ele>
      </trkpt>
      <trkpt lat="52.456002" lon="4.690424">
        <ele>-3.16</ele>
      </trkpt>
      <trkpt lat="52.456111" lon="4.690475">
        <ele>-3.1</ele>
      </trkpt>
      <trkpt lat="52.456192" lon="4.690458">
        <ele>-3.04</ele>
      </trkpt>
      <trkpt lat="52.457356" lon="4.688662">
        <ele>-2.22</ele>
      </trkpt>
      <trkpt lat="52.457474" lon="4.688544">
        <ele>-2.64</ele>
      </trkpt>
      <trkpt lat="52.457647" lon="4.688509">
        <ele>-3.1</ele>
      </trkpt>
      <trkpt lat="52.45849" lon="4.68841">
        <ele>-2.67</ele>
      </trkpt>
      <trkpt lat="52.45868" lon="4.68836">
        <ele>-2.23</ele>
      </trkpt>
      <trkpt lat="52.45951" lon="4.68791">
        <ele>-1.08</ele>
      </trkpt>
      <trkpt lat="52.45976" lon="4.68772">
        <ele>-0.78</ele>
      </trkpt>
      <trkpt lat="52.45994" lon="4.68751">
        <ele>-0.56</ele>
      </trkpt>
      <trkpt lat="52.460712" lon="4.686248">
        <ele>-1</ele>
      </trkpt>
      <trkpt lat="52.460818" lon="4.686162">
        <ele>-1</ele>
      </trkpt>
      <trkpt lat="52.461417" lon="4.685867">
        <ele>-0.79</ele>
      </trkpt>
      <trkpt lat="52.46162" lon="4.68568">
        <ele>-0.79</ele>
      </trkpt>
      <trkpt lat="52.461777" lon="4.685499">
        <ele>-1.04</ele>
      </trkpt>
      <trkpt lat="52.46191" lon="4.685279">
        <ele>-1.41</ele>
      </trkpt>
      <trkpt lat="52.462045" lon="4.685001">
        <ele>-1.91</ele>
      </trkpt>
      <trkpt lat="52.46218" lon="4.684676">
        <ele>-2.16</ele>
      </trkpt>
      <trkpt lat="52.462404" lon="4.684318">
        <ele>-2.07</ele>
      </trkpt>
      <trkpt lat="52.462573" lon="4.684123">
        <ele>-1.8</ele>
      </trkpt>
      <trkpt lat="52.462744" lon="4.684003">
        <ele>-1.4</ele>
      </trkpt>
      <trkpt lat="52.463317" lon="4.683761">
        <ele>-1.22</ele>
      </trkpt>
      <trkpt lat="52.463522" lon="4.683683">
        <ele>-1.38</ele>
      </trkpt>
      <trkpt lat="52.463591" lon="4.683821">
        <ele>-1.29</ele>
      </trkpt>
      <trkpt lat="52.463825" lon="4.684186">
        <ele>-1.01</ele>
      </trkpt>
      <trkpt lat="52.464009" lon="4.684845">
        <ele>-1.28</ele>
      </trkpt>
      <trkpt lat="52.464676" lon="4.686585">
        <ele>-3.12</ele>
      </trkpt>
      <trkpt lat="52.465441" lon="4.688529">
        <ele>-2.7</ele>
      </trkpt>
      <trkpt lat="52.465865" lon="4.68952">
        <ele>-1.78</ele>
      </trkpt>
      <trkpt lat="52.467022" lon="4.691832">
        <ele>-1.95</ele>
      </trkpt>
      <trkpt lat="52.467351" lon="4.692445">
        <ele>-1.67</ele>
      </trkpt>
      <trkpt lat="52.467742" lon="4.693197">
        <ele>-1.2</ele>
      </trkpt>
      <trkpt lat="52.46842" lon="4.694219">
        <ele>0</ele>
      </trkpt>
      <trkpt lat="52.468552" lon="4.694405">
        <ele>0</ele>
      </trkpt>
      <trkpt lat="52.46933" lon="4.69295">
        <ele>-2.52</ele>
      </trkpt>
      <trkpt lat="52.4699" lon="4.691901">
        <ele>-2.61</ele>
      </trkpt>
      <trkpt lat="52.47008" lon="4.691593">
        <ele>-2.4</ele>
      </trkpt>
      <trkpt lat="52.470448" lon="4.690888">
        <ele>-2</ele>
      </trkpt>
      <trkpt lat="52.471435" lon="4.689082">
        <ele>-2.22</ele>
      </trkpt>
      <trkpt lat="52.472142" lon="4.688078">
        <ele>-1.92</ele>
      </trkpt>
      <trkpt lat="52.473304" lon="4.686504">
        <ele>-1.94</ele>
      </trkpt>
      <trkpt lat="52.473659" lon="4.686007">
        <ele>-2.79</ele>
      </trkpt>
      <trkpt lat="52.473906" lon="4.685695">
        <ele>-2.34</ele>
      </trkpt>
      <trkpt lat="52.473937" lon="4.685589">
        <ele>-2.13</ele>
      </trkpt>
      <trkpt lat="52.473999" lon="4.685295">
        <ele>-1.68</ele>
      </trkpt>
      <trkpt lat="52.474047" lon="4.685302">
        <ele>-1.55</ele>
      </trkpt>
      <trkpt lat="52.474094" lon="4.685281">
        <ele>-1.4</ele>
      </trkpt>
      <trkpt lat="52.474133" lon="4.685235">
        <ele>-1.26</ele>
      </trkpt>
      <trkpt lat="52.47416" lon="4.685171">
        <ele>-1.14</ele>
      </trkpt>
      <trkpt lat="52.474173" lon="4.685094">
        <ele>-1.06</ele>
      </trkpt>
      <trkpt lat="52.474169" lon="4.685016">
        <ele>-1.03</ele>
      </trkpt>
      <trkpt lat="52.474148" lon="4.684944">
        <ele>-1.03</ele>
      </trkpt>
      <trkpt lat="52.474219" lon="4.684739">
        <ele>-0.86</ele>
      </trkpt>
      <trkpt lat="52.474243" lon="4.684622">
        <ele>-0.81</ele>
      </trkpt>
      <trkpt lat="52.474907" lon="4.683153">
        <ele>-1.37</ele>
      </trkpt>
      <trkpt lat="52.475178" lon="4.682535">
        <ele>-1.46</ele>
      </trkpt>
      <trkpt lat="52.47523" lon="4.682465">
        <ele>-1.42</ele>
      </trkpt>
      <trkpt lat="52.475282" lon="4.682346">
        <ele>-1.4</ele>
      </trkpt>
      <trkpt lat="52.475357" lon="4.682122">
        <ele>-1.47</ele>
      </trkpt>
      <trkpt lat="52.475433" lon="4.681937">
        <ele>-1.61</ele>
      </trkpt>
      <trkpt lat="52.475478" lon="4.681943">
        <ele>-1.59</ele>
      </trkpt>
      <trkpt lat="52.475523" lon="4.681926">
        <ele>-1.59</ele>
      </trkpt>
      <trkpt lat="52.475561" lon="4.681887">
        <ele>-1.61</ele>
      </trkpt>
      <trkpt lat="52.47559" lon="4.68183">
        <ele>-1.64</ele>
      </trkpt>
      <trkpt lat="52.475607" lon="4.68176">
        <ele>-1.67</ele>
      </trkpt>
      <trkpt lat="52.475609" lon="4.681686">
        <ele>-1.72</ele>
      </trkpt>
      <trkpt lat="52.475596" lon="4.681614">
        <ele>-1.78</ele>
      </trkpt>
      <trkpt lat="52.475569" lon="4.68155">
        <ele>-1.81</ele>
      </trkpt>
      <trkpt lat="52.47553" lon="4.681504">
        <ele>-1.86</ele>
      </trkpt>
      <trkpt lat="52.475491" lon="4.681484">
        <ele>-1.91</ele>
      </trkpt>
      <trkpt lat="52.47545" lon="4.681484">
        <ele>-1.96</ele>
      </trkpt>
      <trkpt lat="52.47541" lon="4.681502">
        <ele>-2</ele>
      </trkpt>
      <trkpt lat="52.475376" lon="4.681539">
        <ele>-2</ele>
      </trkpt>
      <trkpt lat="52.475281" lon="4.681483">
        <ele>-1.97</ele>
      </trkpt>
      <trkpt lat="52.474996" lon="4.681243">
        <ele>-1.78</ele>
      </trkpt>
      <trkpt lat="52.474589" lon="4.680875">
        <ele>-1.12</ele>
      </trkpt>
      <trkpt lat="52.474409" lon="4.680745">
        <ele>-0.44</ele>
      </trkpt>
      <trkpt lat="52.474266" lon="4.680685">
        <ele>-0.03</ele>
      </trkpt>
      <trkpt lat="52.474103" lon="4.680657">
        <ele>0.48</ele>
      </trkpt>
      <trkpt lat="52.473835" lon="4.680702">
        <ele>1.5</ele>
      </trkpt>
      <trkpt lat="52.47355" lon="4.68082">
        <ele>1.03</ele>
      </trkpt>
      <trkpt lat="52.47335" lon="4.68088">
        <ele>0.04</ele>
      </trkpt>
      <trkpt lat="52.47311" lon="4.68091">
        <ele>-1.09</ele>
      </trkpt>
      <trkpt lat="52.47295" lon="4.680907">
        <ele>-1.83</ele>
      </trkpt>
      <trkpt lat="52.472789" lon="4.680883">
        <ele>-1.72</ele>
      </trkpt>
      <trkpt lat="52.47265" lon="4.680842">
        <ele>-1.39</ele>
      </trkpt>
      <trkpt lat="52.472354" lon="4.680679">
        <ele>-0.78</ele>
      </trkpt>
      <trkpt lat="52.472264" lon="4.680608">
        <ele>-0.65</ele>
      </trkpt>
      <trkpt lat="52.471569" lon="4.679965">
        <ele>-1.01</ele>
      </trkpt>
      <trkpt lat="52.471413" lon="4.679794">
        <ele>-0.89</ele>
      </trkpt>
      <trkpt lat="52.471109" lon="4.679593">
        <ele>-0.48</ele>
      </trkpt>
      <trkpt lat="52.470219" lon="4.678725">
        <ele>0.12</ele>
      </trkpt>
      <trkpt lat="52.469477" lon="4.678018">
        <ele>-0.12</ele>
      </trkpt>
      <trkpt lat="52.468732" lon="4.677352">
        <ele>-0.97</ele>
      </trkpt>
      <trkpt lat="52.46776" lon="4.676525">
        <ele>-0.27</ele>
      </trkpt>
      <trkpt lat="52.466565" lon="4.675557">
        <ele>-0.71</ele>
      </trkpt>
      <trkpt lat="52.465194" lon="4.674551">
        <ele>-0.01</ele>
      </trkpt>
      <trkpt lat="52.463508" lon="4.673442">
        <ele>0.01</ele>
      </trkpt>
      <trkpt lat="52.462884" lon="4.673059">
        <ele>-2</ele>
      </trkpt>
      <trkpt lat="52.461581" lon="4.672333">
        <ele>-0.24</ele>
      </trkpt>
      <trkpt lat="52.460718" lon="4.671869">
        <ele>0.79</ele>
      </trkpt>
      <trkpt lat="52.454607" lon="4.669197">
        <ele>-3.82</ele>
      </trkpt>
      <trkpt lat="52.453931" lon="4.668881">
        <ele>-3.23</ele>
      </trkpt>
      <trkpt lat="52.453746" lon="4.668809">
        <ele>-2.91</ele>
      </trkpt>
      <trkpt lat="52.452813" lon="4.668392">
        <ele>0.83</ele>
      </trkpt>
      <trkpt lat="52.451512" lon="4.667839">
        <ele>0.67</ele>
      </trkpt>
      <trkpt lat="52.45068" lon="4.667516">
        <ele>0.06</ele>
      </trkpt>
      <trkpt lat="52.449967" lon="4.667273">
        <ele>1.36</ele>
      </trkpt>
      <trkpt lat="52.449242" lon="4.667083">
        <ele>1.86</ele>
      </trkpt>
      <trkpt lat="52.448598" lon="4.666949">
        <ele>1</ele>
      </trkpt>
      <trkpt lat="52.447608" lon="4.666802">
        <ele>1.44</ele>
      </trkpt>
      <trkpt lat="52.447164" lon="4.666786">
        <ele>2.08</ele>
      </trkpt>
      <trkpt lat="52.44674" lon="4.666795">
        <ele>2.43</ele>
      </trkpt>
      <trkpt lat="52.44615" lon="4.666826">
        <ele>2.77</ele>
      </trkpt>
      <trkpt lat="52.445468" lon="4.666882">
        <ele>2.98</ele>
      </trkpt>
      <trkpt lat="52.444499" lon="4.667023">
        <ele>2.21</ele>
      </trkpt>
      <trkpt lat="52.443952" lon="4.667145">
        <ele>0.47</ele>
      </trkpt>
      <trkpt lat="52.442812" lon="4.667501">
        <ele>-0.89</ele>
      </trkpt>
      <trkpt lat="52.442163" lon="4.667755">
        <ele>-0.11</ele>
      </trkpt>
      <trkpt lat="52.441393" lon="4.668088">
        <ele>0.63</ele>
      </trkpt>
      <trkpt lat="52.440415" lon="4.668628">
        <ele>-0.56</ele>
      </trkpt>
      <trkpt lat="52.439549" lon="4.669203">
        <ele>-1.86</ele>
      </trkpt>
      <trkpt lat="52.438207" lon="4.670252">
        <ele>-0.27</ele>
      </trkpt>
      <trkpt lat="52.437258" lon="4.671145">
        <ele>-0.78</ele>
      </trkpt>
      <trkpt lat="52.436688" lon="4.67172">
        <ele>-1.4</ele>
      </trkpt>
      <trkpt lat="52.43413" lon="4.674409">
        <ele>-0.3</ele>
      </trkpt>
      <trkpt lat="52.429" lon="4.679761">
        <ele>-0.44</ele>
      </trkpt>
      <trkpt lat="52.427995" lon="4.680863">
        <ele>-2.59</ele>
      </trkpt>
      <trkpt lat="52.42748" lon="4.681467">
        <ele>-2.6</ele>
      </trkpt>
      <trkpt lat="52.427208" lon="4.681769">
        <ele>-2.93</ele>
      </trkpt>
      <trkpt lat="52.426438" lon="4.682792">
        <ele>-2.73</ele>
      </trkpt>
      <trkpt lat="52.426107" lon="4.683257">
        <ele>-2.18</ele>
      </trkpt>
      <trkpt lat="52.425695" lon="4.683848">
        <ele>-2.62</ele>
      </trkpt>
      <trkpt lat="52.425227" lon="4.684557">
        <ele>-3.37</ele>
      </trkpt>
      <trkpt lat="52.425015" lon="4.684894">
        <ele>-3.03</ele>
      </trkpt>
      <trkpt lat="52.424621" lon="4.685553">
        <ele>-2.91</ele>
      </trkpt>
      <trkpt lat="52.424271" lon="4.686159">
        <ele>-3</ele>
      </trkpt>
      <trkpt lat="52.423746" lon="4.6871">
        <ele>-3.57</ele>
      </trkpt>
      <trkpt lat="52.422127" lon="4.690102">
        <ele>-0.99</ele>
      </trkpt>
      <trkpt lat="52.421653" lon="4.690947">
        <ele>-1.9</ele>
      </trkpt>
      <trkpt lat="52.421213" lon="4.691691">
        <ele>-1.96</ele>
      </trkpt>
      <trkpt lat="52.420657" lon="4.692544">
        <ele>-2.02</ele>
      </trkpt>
      <trkpt lat="52.420292" lon="4.693077">
        <ele>-2.06</ele>
      </trkpt>
      <trkpt lat="52.419908" lon="4.693609">
        <ele>-2.1</ele>
      </trkpt>
      <trkpt lat="52.419161" lon="4.694542">
        <ele>-2.47</ele>
      </trkpt>
      <trkpt lat="52.418807" lon="4.694947">
        <ele>-2.83</ele>
      </trkpt>
      <trkpt lat="52.418011" lon="4.695792">
        <ele>-2.86</ele>
      </trkpt>
      <trkpt lat="52.417226" lon="4.696535">
        <ele>-2.83</ele>
      </trkpt>
      <trkpt lat="52.416431" lon="4.697193">
        <ele>-3.84</ele>
      </trkpt>
      <trkpt lat="52.415717" lon="4.697723">
        <ele>-2.42</ele>
      </trkpt>
      <trkpt lat="52.415308" lon="4.697997">
        <ele>-1.19</ele>
      </trkpt>
      <trkpt lat="52.41451" lon="4.698491">
        <ele>-0.04</ele>
      </trkpt>
      <trkpt lat="52.413664" lon="4.698971">
        <ele>0.58</ele>
      </trkpt>
      <trkpt lat="52.406667" lon="4.702651">
        <ele>-1.04</ele>
      </trkpt>
      <trkpt lat="52.405748" lon="4.703124">
        <ele>1.05</ele>
      </trkpt>
      <trkpt lat="52.404822" lon="4.703573">
        <ele>2.56</ele>
      </trkpt>
      <trkpt lat="52.403828" lon="4.703973">
        <ele>1.71</ele>
      </trkpt>
      <trkpt lat="52.402687" lon="4.704339">
        <ele>-1.26</ele>
      </trkpt>
      <trkpt lat="52.401514" lon="4.704613">
        <ele>-2.66</ele>
      </trkpt>
      <trkpt lat="52.399899" lon="4.704893">
        <ele>-2.8</ele>
      </trkpt>
      <trkpt lat="52.389501" lon="4.706545">
        <ele>0</ele>
      </trkpt>
      <trkpt lat="52.38916" lon="4.706474">
        <ele>0.4</ele>
      </trkpt>
      <trkpt lat="52.386558" lon="4.70671">
        <ele>2.76</ele>
      </trkpt>
      <trkpt lat="52.386318" lon="4.706754">
        <ele>3.08</ele>
      </trkpt>
      <trkpt lat="52.385468" lon="4.706826">
        <ele>4.33</ele>
      </trkpt>
      <trkpt lat="52.385355" lon="4.706819">
        <ele>4.42</ele>
      </trkpt>
      <trkpt lat="52.385229" lon="4.706794">
        <ele>4.52</ele>
      </trkpt>
      <trkpt lat="52.385141" lon="4.706755">
        <ele>4.6</ele>
      </trkpt>
      <trkpt lat="52.385019" lon="4.706669">
        <ele>4.18</ele>
      </trkpt>
      <trkpt lat="52.384913" lon="4.706572">
        <ele>3.78</ele>
      </trkpt>
      <trkpt lat="52.384838" lon="4.706474">
        <ele>3.48</ele>
      </trkpt>
      <trkpt lat="52.384684" lon="4.706348">
        <ele>2.96</ele>
      </trkpt>
      <trkpt lat="52.384527" lon="4.706258">
        <ele>2.46</ele>
      </trkpt>
      <trkpt lat="52.3844" lon="4.706219">
        <ele>2.13</ele>
      </trkpt>
      <trkpt lat="52.384273" lon="4.70622">
        <ele>1.83</ele>
      </trkpt>
      <trkpt lat="52.384125" lon="4.706269">
        <ele>1.46</ele>
      </trkpt>
      <trkpt lat="52.384007" lon="4.706343">
        <ele>1.11</ele>
      </trkpt>
      <trkpt lat="52.383882" lon="4.706467">
        <ele>1.03</ele>
      </trkpt>
      <trkpt lat="52.383762" lon="4.706609">
        <ele>1.06</ele>
      </trkpt>
      <trkpt lat="52.383714" lon="4.706732">
        <ele>1.4</ele>
      </trkpt>
      <trkpt lat="52.383628" lon="4.707091">
        <ele>2.49</ele>
      </trkpt>
      <trkpt lat="52.3836" lon="4.707323">
        <ele>3.14</ele>
      </trkpt>
      <trkpt lat="52.383594" lon="4.707586">
        <ele>3.53</ele>
      </trkpt>
      <trkpt lat="52.383614" lon="4.707828">
        <ele>3.64</ele>
      </trkpt>
      <trkpt lat="52.383633" lon="4.707961">
        <ele>3.72</ele>
      </trkpt>
      <trkpt lat="52.383686" lon="4.708137">
        <ele>3.88</ele>
      </trkpt>
      <trkpt lat="52.38377" lon="4.708338">
        <ele>4.04</ele>
      </trkpt>
      <trkpt lat="52.383886" lon="4.708494">
        <ele>4.14</ele>
      </trkpt>
      <trkpt lat="52.384002" lon="4.708744">
        <ele>4.15</ele>
      </trkpt>
      <trkpt lat="52.384073" lon="4.708981">
        <ele>4.07</ele>
      </trkpt>
      <trkpt lat="52.384217" lon="4.709699">
        <ele>2.9</ele>
      </trkpt>
      <trkpt lat="52.38426" lon="4.709997">
        <ele>2.22</ele>
      </trkpt>
      <trkpt lat="52.384389" lon="4.710661">
        <ele>-0.17</ele>
      </trkpt>
      <trkpt lat="52.38468" lon="4.711957">
        <ele>-1.27</ele>
      </trkpt>
      <trkpt lat="52.385111" lon="4.714083">
        <ele>-0.67</ele>
      </trkpt>
      <trkpt lat="52.385292" lon="4.714904">
        <ele>-0.87</ele>
      </trkpt>
      <trkpt lat="52.385575" lon="4.716329">
        <ele>-1.06</ele>
      </trkpt>
      <trkpt lat="52.385723" lon="4.716883">
        <ele>-0.42</ele>
      </trkpt>
      <trkpt lat="52.38583" lon="4.71794">
        <ele>0</ele>
      </trkpt>
      <trkpt lat="52.385892" lon="4.718691">
        <ele>-0.29</ele>
      </trkpt>
      <trkpt lat="52.386582" lon="4.728345">
        <ele>-0.09</ele>
      </trkpt>
      <trkpt lat="52.386665" lon="4.729599">
        <ele>0.47</ele>
      </trkpt>
      <trkpt lat="52.386712" lon="4.730573">
        <ele>-1.02</ele>
      </trkpt>
      <trkpt lat="52.386733" lon="4.731359">
        <ele>-1.67</ele>
      </trkpt>
      <trkpt lat="52.386734" lon="4.731932">
        <ele>-2.16</ele>
      </trkpt>
      <trkpt lat="52.386646" lon="4.732613">
        <ele>-2.91</ele>
      </trkpt>
      <trkpt lat="52.386578" lon="4.73329">
        <ele>-2.75</ele>
      </trkpt>
      <trkpt lat="52.386532" lon="4.733636">
        <ele>-2.5</ele>
      </trkpt>
      <trkpt lat="52.38638" lon="4.735193">
        <ele>-1.46</ele>
      </trkpt>
      <trkpt lat="52.386346" lon="4.735355">
        <ele>-1.38</ele>
      </trkpt>
      <trkpt lat="52.386239" lon="4.735384">
        <ele>-1.48</ele>
      </trkpt>
      <trkpt lat="52.386174" lon="4.735385">
        <ele>-1.42</ele>
      </trkpt>
      <trkpt lat="52.386086" lon="4.735317">
        <ele>-1.39</ele>
      </trkpt>
      <trkpt lat="52.386089" lon="4.735163">
        <ele>-1.58</ele>
      </trkpt>
      <trkpt lat="52.38611" lon="4.735028">
        <ele>-1.77</ele>
      </trkpt>
      <trkpt lat="52.386175" lon="4.734797">
        <ele>-2.12</ele>
      </trkpt>
      <trkpt lat="52.386315" lon="4.734418">
        <ele>-2.38</ele>
      </trkpt>
      <trkpt lat="52.386326" lon="4.734285">
        <ele>-2.49</ele>
      </trkpt>
      <trkpt lat="52.386311" lon="4.734139">
        <ele>-2.69</ele>
      </trkpt>
      <trkpt lat="52.386244" lon="4.73401">
        <ele>-3.09</ele>
      </trkpt>
      <trkpt lat="52.386163" lon="4.733944">
        <ele>-3.13</ele>
      </trkpt>
      <trkpt lat="52.3861" lon="4.733955">
        <ele>-3.09</ele>
      </trkpt>
      <trkpt lat="52.385731" lon="4.733797">
        <ele>-2.79</ele>
      </trkpt>
      <trkpt lat="52.385902" lon="4.732593">
        <ele>-3.6</ele>
      </trkpt>
      <trkpt lat="52.385979" lon="4.731906">
        <ele>-3.24</ele>
      </trkpt>
      <trkpt lat="52.385999" lon="4.731618">
        <ele>-3</ele>
      </trkpt>
      <trkpt lat="52.38601" lon="4.731092">
        <ele>-2.53</ele>
      </trkpt>
      <trkpt lat="52.385999" lon="4.73009">
        <ele>-1.91</ele>
      </trkpt>
      <trkpt lat="52.385951" lon="4.729444">
        <ele>-1.6</ele>
      </trkpt>
      <trkpt lat="52.385854" lon="4.728603">
        <ele>-2.15</ele>
      </trkpt>
      <trkpt lat="52.385756" lon="4.727986">
        <ele>-2.71</ele>
      </trkpt>
      <trkpt lat="52.385643" lon="4.727322">
        <ele>-2.84</ele>
      </trkpt>
      <trkpt lat="52.384442" lon="4.720463">
        <ele>-3.2</ele>
      </trkpt>
      <trkpt lat="52.383341" lon="4.714083">
        <ele>-2.51</ele>
      </trkpt>
      <trkpt lat="52.382572" lon="4.709633">
        <ele>0.67</ele>
      </trkpt>
      <trkpt lat="52.382423" lon="4.708826">
        <ele>2.45</ele>
      </trkpt>
      <trkpt lat="52.382319" lon="4.708338">
        <ele>1.41</ele>
      </trkpt>
      <trkpt lat="52.382222" lon="4.707797">
        <ele>0.13</ele>
      </trkpt>
      <trkpt lat="52.382131" lon="4.70726">
        <ele>-1.26</ele>
      </trkpt>
      <trkpt lat="52.38205" lon="4.706679">
        <ele>-2.88</ele>
      </trkpt>
      <trkpt lat="52.381926" lon="4.705902">
        <ele>-4.19</ele>
      </trkpt>
      <trkpt lat="52.381238" lon="4.701915">
        <ele>-1.62</ele>
      </trkpt>
      <trkpt lat="52.379566" lon="4.692409">
        <ele>-6.79</ele>
      </trkpt>
      <trkpt lat="52.37943" lon="4.692103">
        <ele>-5.38</ele>
      </trkpt>
      <trkpt lat="52.379314" lon="4.691971">
        <ele>-4.92</ele>
      </trkpt>
      <trkpt lat="52.37919" lon="4.691871">
        <ele>-4.71</ele>
      </trkpt>
      <trkpt lat="52.378958" lon="4.691749">
        <ele>-4.74</ele>
      </trkpt>
      <trkpt lat="52.378778" lon="4.691586">
        <ele>-4.84</ele>
      </trkpt>
      <trkpt lat="52.378641" lon="4.691402">
        <ele>-4.77</ele>
      </trkpt>
      <trkpt lat="52.378553" lon="4.691146">
        <ele>-4.56</ele>
      </trkpt>
      <trkpt lat="52.378493" lon="4.69089">
        <ele>-4.38</ele>
      </trkpt>
      <trkpt lat="52.378367" lon="4.690194">
        <ele>-5.14</ele>
      </trkpt>
      <trkpt lat="52.378345" lon="4.689954">
        <ele>-5.46</ele>
      </trkpt>
      <trkpt lat="52.378343" lon="4.689763">
        <ele>-5.46</ele>
      </trkpt>
      <trkpt lat="52.378408" lon="4.689453">
        <ele>-5.39</ele>
      </trkpt>
      <trkpt lat="52.378684" lon="4.688714">
        <ele>-4.12</ele>
      </trkpt>
      <trkpt lat="52.378733" lon="4.68845">
        <ele>-3.4</ele>
      </trkpt>
      <trkpt lat="52.378755" lon="4.687987">
        <ele>-2.24</ele>
      </trkpt>
      <trkpt lat="52.378697" lon="4.687444">
        <ele>-1.16</ele>
      </trkpt>
      <trkpt lat="52.378005" lon="4.683437">
        <ele>-3.93</ele>
      </trkpt>
      <trkpt lat="52.377428" lon="4.680156">
        <ele>-1.44</ele>
      </trkpt>
      <trkpt lat="52.377231" lon="4.679135">
        <ele>-1.2</ele>
      </trkpt>
      <trkpt lat="52.377125" lon="4.678693">
        <ele>-1.04</ele>
      </trkpt>
      <trkpt lat="52.377041" lon="4.678412">
        <ele>-0.96</ele>
      </trkpt>
      <trkpt lat="52.37698" lon="4.678209">
        <ele>-0.9</ele>
      </trkpt>
      <trkpt lat="52.376706" lon="4.677395">
        <ele>-0.56</ele>
      </trkpt>
      <trkpt lat="52.376323" lon="4.676456">
        <ele>-0.89</ele>
      </trkpt>
      <trkpt lat="52.376252" lon="4.676292">
        <ele>-0.97</ele>
      </trkpt>
      <trkpt lat="52.376014" lon="4.675803">
        <ele>-0.75</ele>
      </trkpt>
      <trkpt lat="52.375911" lon="4.675623">
        <ele>-0.57</ele>
      </trkpt>
      <trkpt lat="52.375832" lon="4.675488">
        <ele>-0.51</ele>
      </trkpt>
      <trkpt lat="52.375362" lon="4.674774">
        <ele>-1</ele>
      </trkpt>
      <trkpt lat="52.374923" lon="4.674221">
        <ele>-1</ele>
      </trkpt>
      <trkpt lat="52.374488" lon="4.673721">
        <ele>-1.38</ele>
      </trkpt>
      <trkpt lat="52.374304" lon="4.673529">
        <ele>-1.39</ele>
      </trkpt>
      <trkpt lat="52.373928" lon="4.673183">
        <ele>-1.27</ele>
      </trkpt>
      <trkpt lat="52.373531" lon="4.672894">
        <ele>-0.31</ele>
      </trkpt>
      <trkpt lat="52.373198" lon="4.672667">
        <ele>1.21</ele>
      </trkpt>
      <trkpt lat="52.372654" lon="4.672395">
        <ele>2.03</ele>
      </trkpt>
      <trkpt lat="52.372154" lon="4.672205">
        <ele>0.01</ele>
      </trkpt>
      <trkpt lat="52.371615" lon="4.672043">
        <ele>0.57</ele>
      </trkpt>
      <trkpt lat="52.370464" lon="4.672036">
        <ele>2.41</ele>
      </trkpt>
      <trkpt lat="52.370291" lon="4.67205">
        <ele>2.29</ele>
      </trkpt>
      <trkpt lat="52.370137" lon="4.67209">
        <ele>1.98</ele>
      </trkpt>
      <trkpt lat="52.370018" lon="4.672195">
        <ele>1.71</ele>
      </trkpt>
      <trkpt lat="52.369991" lon="4.672208">
        <ele>1.66</ele>
      </trkpt>
      <trkpt lat="52.369821" lon="4.672181">
        <ele>1.41</ele>
      </trkpt>
      <trkpt lat="52.369687" lon="4.672211">
        <ele>1.19</ele>
      </trkpt>
      <trkpt lat="52.366728" lon="4.673304">
        <ele>-1.98</ele>
      </trkpt>
      <trkpt lat="52.363416" lon="4.674495">
        <ele>-1.34</ele>
      </trkpt>
      <trkpt lat="52.359024" lon="4.676103">
        <ele>-2.25</ele>
      </trkpt>
      <trkpt lat="52.357076" lon="4.676829">
        <ele>-2.71</ele>
      </trkpt>
      <trkpt lat="52.356576" lon="4.676983">
        <ele>-1.08</ele>
      </trkpt>
      <trkpt lat="52.356147" lon="4.677092">
        <ele>-0.14</ele>
      </trkpt>
      <trkpt lat="52.355723" lon="4.677162">
        <ele>-0.81</ele>
      </trkpt>
      <trkpt lat="52.355175" lon="4.677162">
        <ele>-1.34</ele>
      </trkpt>
      <trkpt lat="52.354816" lon="4.677132">
        <ele>-1.38</ele>
      </trkpt>
      <trkpt lat="52.354454" lon="4.677095">
        <ele>-1.29</ele>
      </trkpt>
      <trkpt lat="52.353909" lon="4.67691">
        <ele>-0.86</ele>
      </trkpt>
      <trkpt lat="52.353525" lon="4.676767">
        <ele>-1.06</ele>
      </trkpt>
      <trkpt lat="52.352686" lon="4.676218">
        <ele>-2</ele>
      </trkpt>
      <trkpt lat="52.352414" lon="4.676">
        <ele>-2</ele>
      </trkpt>
      <trkpt lat="52.351765" lon="4.675341">
        <ele>-2.7</ele>
      </trkpt>
      <trkpt lat="52.351536" lon="4.675076">
        <ele>-3.06</ele>
      </trkpt>
      <trkpt lat="52.351073" lon="4.674468">
        <ele>-3.29</ele>
      </trkpt>
      <trkpt lat="52.350835" lon="4.674081">
        <ele>-3.06</ele>
      </trkpt>
      <trkpt lat="52.35057" lon="4.67355">
        <ele>-2.81</ele>
      </trkpt>
      <trkpt lat="52.349096" lon="4.67024">
        <ele>-0.54</ele>
      </trkpt>
      <trkpt lat="52.348709" lon="4.669333">
        <ele>-0.05</ele>
      </trkpt>
      <trkpt lat="52.347914" lon="4.667505">
        <ele>-1.15</ele>
      </trkpt>
      <trkpt lat="52.347244" lon="4.665912">
        <ele>-1.12</ele>
      </trkpt>
      <trkpt lat="52.346993" lon="4.665337">
        <ele>-1.08</ele>
      </trkpt>
      <trkpt lat="52.346936" lon="4.665228">
        <ele>-1.15</ele>
      </trkpt>
      <trkpt lat="52.34686" lon="4.665123">
        <ele>-1.24</ele>
      </trkpt>
      <trkpt lat="52.346799" lon="4.66498">
        <ele>-1.31</ele>
      </trkpt>
      <trkpt lat="52.346725" lon="4.664746">
        <ele>-1.4</ele>
      </trkpt>
      <trkpt lat="52.346589" lon="4.664401">
        <ele>-1.56</ele>
      </trkpt>
      <trkpt lat="52.345445" lon="4.661755">
        <ele>-2.82</ele>
      </trkpt>
      <trkpt lat="52.344573" lon="4.659746">
        <ele>-2.55</ele>
      </trkpt>
      <trkpt lat="52.34344" lon="4.657142">
        <ele>-3.78</ele>
      </trkpt>
      <trkpt lat="52.341691" lon="4.653082">
        <ele>-1</ele>
      </trkpt>
      <trkpt lat="52.340849" lon="4.651176">
        <ele>-1.45</ele>
      </trkpt>
      <trkpt lat="52.340554" lon="4.650483">
        <ele>-1.87</ele>
      </trkpt>
      <trkpt lat="52.340271" lon="4.649775">
        <ele>-2.28</ele>
      </trkpt>
      <trkpt lat="52.340053" lon="4.649183">
        <ele>-2.81</ele>
      </trkpt>
      <trkpt lat="52.339827" lon="4.648451">
        <ele>-3.08</ele>
      </trkpt>
      <trkpt lat="52.33968" lon="4.647815">
        <ele>-2.53</ele>
      </trkpt>
      <trkpt lat="52.33958" lon="4.64731">
        <ele>-2.02</ele>
      </trkpt>
      <trkpt lat="52.339474" lon="4.64664">
        <ele>-2.3</ele>
      </trkpt>
      <trkpt lat="52.339171" lon="4.644426">
        <ele>-0.77</ele>
      </trkpt>
      <trkpt lat="52.338595" lon="4.640349">
        <ele>2.29</ele>
      </trkpt>
      <trkpt lat="52.338456" lon="4.639302">
        <ele>0</ele>
      </trkpt>
      <trkpt lat="52.338223" lon="4.639401">
        <ele>-0.32</ele>
      </trkpt>
      <trkpt lat="52.33785" lon="4.63953">
        <ele>-1.09</ele>
      </trkpt>
      <trkpt lat="52.337785" lon="4.63953">
        <ele>-1.25</ele>
      </trkpt>
      <trkpt lat="52.337723" lon="4.639271">
        <ele>-1.4</ele>
      </trkpt>
      <trkpt lat="52.337723" lon="4.639271">
        <ele>-1.4</ele>
      </trkpt>
      <trkpt lat="52.337785" lon="4.63953">
        <ele>-1.25</ele>
      </trkpt>
      <trkpt lat="52.33785" lon="4.63953">
        <ele>-1.09</ele>
      </trkpt>
      <trkpt lat="52.338223" lon="4.639401">
        <ele>-0.32</ele>
      </trkpt>
      <trkpt lat="52.338456" lon="4.639302">
        <ele>0</ele>
      </trkpt>
      <trkpt lat="52.338244" lon="4.63777">
        <ele>-0.15</ele>
      </trkpt>
      <trkpt lat="52.338184" lon="4.637662">
        <ele>-0.29</ele>
      </trkpt>
      <trkpt lat="52.338061" lon="4.637529">
        <ele>-0.59</ele>
      </trkpt>
      <trkpt lat="52.338022" lon="4.63747">
        <ele>-0.68</ele>
      </trkpt>
      <trkpt lat="52.337974" lon="4.637299">
        <ele>-0.66</ele>
      </trkpt>
      <trkpt lat="52.337935" lon="4.637127">
        <ele>-0.56</ele>
      </trkpt>
      <trkpt lat="52.337887" lon="4.636879">
        <ele>-0.34</ele>
      </trkpt>
      <trkpt lat="52.337881" lon="4.636679">
        <ele>-0.11</ele>
      </trkpt>
      <trkpt lat="52.33794" lon="4.636341">
        <ele>0.28</ele>
      </trkpt>
      <trkpt lat="52.337969" lon="4.636028">
        <ele>0.56</ele>
      </trkpt>
      <trkpt lat="52.33797" lon="4.63591">
        <ele>0.67</ele>
      </trkpt>
      <trkpt lat="52.337669" lon="4.633654">
        <ele>1.07</ele>
      </trkpt>
      <trkpt lat="52.337502" lon="4.632243">
        <ele>0.41</ele>
      </trkpt>
      <trkpt lat="52.337439" lon="4.631864">
        <ele>0.14</ele>
      </trkpt>
      <trkpt lat="52.337311" lon="4.631257">
        <ele>0</ele>
      </trkpt>
      <trkpt lat="52.33725" lon="4.6311">
        <ele>0</ele>
      </trkpt>
      <trkpt lat="52.337218" lon="4.63107">
        <ele>0</ele>
      </trkpt>
      <trkpt lat="52.337124" lon="4.631021">
        <ele>0</ele>
      </trkpt>
      <trkpt lat="52.337145" lon="4.630795">
        <ele>0</ele>
      </trkpt>
      <trkpt lat="52.337129" lon="4.630641">
        <ele>-0.01</ele>
      </trkpt>
      <trkpt lat="52.336871" lon="4.629851">
        <ele>0.22</ele>
      </trkpt>
      <trkpt lat="52.336358" lon="4.628444">
        <ele>0.71</ele>
      </trkpt>
      <trkpt lat="52.334268" lon="4.622801">
        <ele>0</ele>
      </trkpt>
      <trkpt lat="52.333249" lon="4.620091">
        <ele>-0.86</ele>
      </trkpt>
      <trkpt lat="52.333016" lon="4.61957">
        <ele>-0.41</ele>
      </trkpt>
      <trkpt lat="52.332729" lon="4.619023">
        <ele>-0.36</ele>
      </trkpt>
      <trkpt lat="52.33241" lon="4.618493">
        <ele>-0.73</ele>
      </trkpt>
      <trkpt lat="52.332271" lon="4.618285">
        <ele>-0.75</ele>
      </trkpt>
      <trkpt lat="52.332002" lon="4.617907">
        <ele>-0.59</ele>
      </trkpt>
      <trkpt lat="52.33162" lon="4.61745">
        <ele>-0.53</ele>
      </trkpt>
      <trkpt lat="52.33118" lon="4.61701">
        <ele>-0.49</ele>
      </trkpt>
      <trkpt lat="52.32953" lon="4.6155">
        <ele>1.28</ele>
      </trkpt>
      <trkpt lat="52.326947" lon="4.613202">
        <ele>-1.92</ele>
      </trkpt>
      <trkpt lat="52.32644" lon="4.612832">
        <ele>-1.48</ele>
      </trkpt>
      <trkpt lat="52.325927" lon="4.612545">
        <ele>-0.47</ele>
      </trkpt>
      <trkpt lat="52.325463" lon="4.61234">
        <ele>0.72</ele>
      </trkpt>
      <trkpt lat="52.325024" lon="4.612179">
        <ele>0.12</ele>
      </trkpt>
      <trkpt lat="52.324681" lon="4.612091">
        <ele>-0.61</ele>
      </trkpt>
      <trkpt lat="52.324306" lon="4.612018">
        <ele>-0.55</ele>
      </trkpt>
      <trkpt lat="52.324" lon="4.61199">
        <ele>-0.05</ele>
      </trkpt>
      <trkpt lat="52.322032" lon="4.612057">
        <ele>0.47</ele>
      </trkpt>
      <trkpt lat="52.320133" lon="4.612099">
        <ele>1.56</ele>
      </trkpt>
      <trkpt lat="52.319166" lon="4.612132">
        <ele>1</ele>
      </trkpt>
      <trkpt lat="52.318161" lon="4.612193">
        <ele>-0.15</ele>
      </trkpt>
      <trkpt lat="52.31805" lon="4.612174">
        <ele>-0.35</ele>
      </trkpt>
      <trkpt lat="52.318017" lon="4.612157">
        <ele>-0.4</ele>
      </trkpt>
      <trkpt lat="52.317996" lon="4.612132">
        <ele>-0.42</ele>
      </trkpt>
      <trkpt lat="52.317844" lon="4.612205">
        <ele>-0.82</ele>
      </trkpt>
      <trkpt lat="52.317584" lon="4.612196">
        <ele>-1.39</ele>
      </trkpt>
      <trkpt lat="52.315203" lon="4.612286">
        <ele>-1.18</ele>
      </trkpt>
      <trkpt lat="52.312827" lon="4.612342">
        <ele>-1.18</ele>
      </trkpt>
      <trkpt lat="52.312632" lon="4.61233">
        <ele>-1.43</ele>
      </trkpt>
      <trkpt lat="52.312522" lon="4.612308">
        <ele>-1.59</ele>
      </trkpt>
      <trkpt lat="52.31217" lon="4.61218">
        <ele>-2.16</ele>
      </trkpt>
      <trkpt lat="52.31175" lon="4.61194">
        <ele>-2.53</ele>
      </trkpt>
      <trkpt lat="52.31137" lon="4.61165">
        <ele>-2.22</ele>
      </trkpt>
      <trkpt lat="52.311188" lon="4.61148">
        <ele>-2.04</ele>
      </trkpt>
      <trkpt lat="52.310101" lon="4.610181">
        <ele>-3.58</ele>
      </trkpt>
      <trkpt lat="52.308874" lon="4.608665">
        <ele>-3.66</ele>
      </trkpt>
      <trkpt lat="52.308254" lon="4.607942">
        <ele>-2.83</ele>
      </trkpt>
      <trkpt lat="52.30583" lon="4.605">
        <ele>-2.91</ele>
      </trkpt>
      <trkpt lat="52.305356" lon="4.604584">
        <ele>-2.97</ele>
      </trkpt>
      <trkpt lat="52.301865" lon="4.601988">
        <ele>-3.57</ele>
      </trkpt>
      <trkpt lat="52.298611" lon="4.599594">
        <ele>-0.47</ele>
      </trkpt>
      <trkpt lat="52.297707" lon="4.598944">
        <ele>0.26</ele>
      </trkpt>
      <trkpt lat="52.297229" lon="4.598571">
        <ele>-0.99</ele>
      </trkpt>
      <trkpt lat="52.296519" lon="4.598072">
        <ele>-0.85</ele>
      </trkpt>
      <trkpt lat="52.296114" lon="4.597807">
        <ele>-0.57</ele>
      </trkpt>
      <trkpt lat="52.295877" lon="4.597665">
        <ele>-0.68</ele>
      </trkpt>
      <trkpt lat="52.295386" lon="4.597477">
        <ele>-1.05</ele>
      </trkpt>
      <trkpt lat="52.294026" lon="4.596994">
        <ele>-1.14</ele>
      </trkpt>
      <trkpt lat="52.293725" lon="4.596917">
        <ele>-0.77</ele>
      </trkpt>
      <trkpt lat="52.29185" lon="4.596858">
        <ele>-1.47</ele>
      </trkpt>
      <trkpt lat="52.291559" lon="4.596785">
        <ele>-1.68</ele>
      </trkpt>
      <trkpt lat="52.291343" lon="4.59671">
        <ele>-1.87</ele>
      </trkpt>
      <trkpt lat="52.291023" lon="4.596528">
        <ele>-2.21</ele>
      </trkpt>
      <trkpt lat="52.290674" lon="4.596228">
        <ele>-2.36</ele>
      </trkpt>
      <trkpt lat="52.289424" lon="4.595115">
        <ele>-1.22</ele>
      </trkpt>
      <trkpt lat="52.289424" lon="4.595115">
        <ele>-1.22</ele>
      </trkpt>
      <trkpt lat="52.288851" lon="4.5946">
        <ele>-1</ele>
      </trkpt>
      <trkpt lat="52.288649" lon="4.594444">
        <ele>-1</ele>
      </trkpt>
      <trkpt lat="52.288588" lon="4.594532">
        <ele>-1</ele>
      </trkpt>
      <trkpt lat="52.288515" lon="4.594564">
        <ele>-1</ele>
      </trkpt>
      <trkpt lat="52.288408" lon="4.59464">
        <ele>-1</ele>
      </trkpt>
      <trkpt lat="52.28838" lon="4.59468">
        <ele>-1</ele>
      </trkpt>
      <trkpt lat="52.288177" lon="4.595263">
        <ele>-1.4</ele>
      </trkpt>
      <trkpt lat="52.28746" lon="4.594653">
        <ele>-1.34</ele>
      </trkpt>
      <trkpt lat="52.287408" lon="4.594715">
        <ele>-1.42</ele>
      </trkpt>
      <trkpt lat="52.287345" lon="4.594756">
        <ele>-1.51</ele>
      </trkpt>
      <trkpt lat="52.28733" lon="4.594712">
        <ele>-1.49</ele>
      </trkpt>
      <trkpt lat="52.286402" lon="4.593874">
        <ele>-1.3</ele>
      </trkpt>
      <trkpt lat="52.286318" lon="4.593747">
        <ele>-1.08</ele>
      </trkpt>
      <trkpt lat="52.286232" lon="4.593906">
        <ele>-1.52</ele>
      </trkpt>
      <trkpt lat="52.286162" lon="4.594084">
        <ele>-2.09</ele>
      </trkpt>
      <trkpt lat="52.285056" lon="4.596136">
        <ele>-4.78</ele>
      </trkpt>
      <trkpt lat="52.284969" lon="4.596264">
        <ele>-4.99</ele>
      </trkpt>
      <trkpt lat="52.284523" lon="4.597098">
        <ele>-5.42</ele>
      </trkpt>
      <trkpt lat="52.284451" lon="4.597269">
        <ele>-5.29</ele>
      </trkpt>
      <trkpt lat="52.283874" lon="4.59837">
        <ele>-5.71</ele>
      </trkpt>
      <trkpt lat="52.283535" lon="4.598979">
        <ele>-5.15</ele>
      </trkpt>
      <trkpt lat="52.282785" lon="4.600377">
        <ele>-4.58</ele>
      </trkpt>
      <trkpt lat="52.282579" lon="4.600781">
        <ele>-4.37</ele>
      </trkpt>
      <trkpt lat="52.282439" lon="4.600966">
        <ele>-4.64</ele>
      </trkpt>
      <trkpt lat="52.282333" lon="4.601237">
        <ele>-4.85</ele>
      </trkpt>
      <trkpt lat="52.280828" lon="4.604019">
        <ele>-5.42</ele>
      </trkpt>
      <trkpt lat="52.277842" lon="4.609594">
        <ele>-6</ele>
      </trkpt>
      <trkpt lat="52.27708" lon="4.611028">
        <ele>-6</ele>
      </trkpt>
      <trkpt lat="52.276865" lon="4.611467">
        <ele>-5.57</ele>
      </trkpt>
      <trkpt lat="52.276838" lon="4.611431">
        <ele>-5.5</ele>
      </trkpt>
      <trkpt lat="52.276779" lon="4.611409">
        <ele>-5.36</ele>
      </trkpt>
      <trkpt lat="52.27672" lon="4.611443">
        <ele>-5.22</ele>
      </trkpt>
      <trkpt lat="52.276696" lon="4.611472">
        <ele>-5.16</ele>
      </trkpt>
      <trkpt lat="52.27668" lon="4.611521">
        <ele>-5.12</ele>
      </trkpt>
      <trkpt lat="52.276672" lon="4.611629">
        <ele>-5.1</ele>
      </trkpt>
      <trkpt lat="52.27668" lon="4.611678">
        <ele>-5.11</ele>
      </trkpt>
      <trkpt lat="52.276705" lon="4.611737">
        <ele>-5.15</ele>
      </trkpt>
      <trkpt lat="52.276732" lon="4.611772">
        <ele>-5.2</ele>
      </trkpt>
      <trkpt lat="52.276766" lon="4.611792">
        <ele>-5.25</ele>
      </trkpt>
      <trkpt lat="52.276795" lon="4.611793">
        <ele>-5.3</ele>
      </trkpt>
      <trkpt lat="52.276849" lon="4.611765">
        <ele>-5.42</ele>
      </trkpt>
      <trkpt lat="52.276872" lon="4.61173">
        <ele>-5.49</ele>
      </trkpt>
      <trkpt lat="52.277511" lon="4.612655">
        <ele>-5</ele>
      </trkpt>
      <trkpt lat="52.277635" lon="4.612771">
        <ele>-5</ele>
      </trkpt>
      <trkpt lat="52.278305" lon="4.613783">
        <ele>-5.11</ele>
      </trkpt>
      <trkpt lat="52.279525" lon="4.615496">
        <ele>-5.96</ele>
      </trkpt>
      <trkpt lat="52.28157" lon="4.61841">
        <ele>-5.6</ele>
      </trkpt>
      <trkpt lat="52.281965" lon="4.619016">
        <ele>-4.38</ele>
      </trkpt>
      <trkpt lat="52.28313" lon="4.620637">
        <ele>-3.06</ele>
      </trkpt>
      <trkpt lat="52.28382" lon="4.621632">
        <ele>-4.97</ele>
      </trkpt>
      <trkpt lat="52.283856" lon="4.621738">
        <ele>-4.84</ele>
      </trkpt>
      <trkpt lat="52.283914" lon="4.62184">
        <ele>-4.72</ele>
      </trkpt>
      <trkpt lat="52.283991" lon="4.621932">
        <ele>-4.61</ele>
      </trkpt>
      <trkpt lat="52.284047" lon="4.621963">
        <ele>-4.57</ele>
      </trkpt>
      <trkpt lat="52.28428" lon="4.622314">
        <ele>-4.15</ele>
      </trkpt>
      <trkpt lat="52.28463" lon="4.622791">
        <ele>-4.2</ele>
      </trkpt>
      <trkpt lat="52.284655" lon="4.622875">
        <ele>-4.26</ele>
      </trkpt>
      <trkpt lat="52.284745" lon="4.623035">
        <ele>-4.47</ele>
      </trkpt>
      <trkpt lat="52.284764" lon="4.623088">
        <ele>-4.52</ele>
      </trkpt>
      <trkpt lat="52.284755" lon="4.623177">
        <ele>-4.5</ele>
      </trkpt>
      <trkpt lat="52.284767" lon="4.623266">
        <ele>-4.53</ele>
      </trkpt>
      <trkpt lat="52.284745" lon="4.623346">
        <ele>-4.52</ele>
      </trkpt>
      <trkpt lat="52.28459" lon="4.623741">
        <ele>-4.61</ele>
      </trkpt>
      <trkpt lat="52.284297" lon="4.62428">
        <ele>-5</ele>
      </trkpt>
      <trkpt lat="52.284199" lon="4.624377">
        <ele>-5</ele>
      </trkpt>
      <trkpt lat="52.284087" lon="4.624572">
        <ele>-5</ele>
      </trkpt>
      <trkpt lat="52.283962" lon="4.624823">
        <ele>-5</ele>
      </trkpt>
      <trkpt lat="52.283935" lon="4.624953">
        <ele>-5.01</ele>
      </trkpt>
      <trkpt lat="52.282928" lon="4.626826">
        <ele>-5.51</ele>
      </trkpt>
      <trkpt lat="52.279817" lon="4.632605">
        <ele>-6</ele>
      </trkpt>
      <trkpt lat="52.279646" lon="4.632898">
        <ele>-6</ele>
      </trkpt>
      <trkpt lat="52.279569" lon="4.633001">
        <ele>-6</ele>
      </trkpt>
      <trkpt lat="52.279449" lon="4.633086">
        <ele>-6</ele>
      </trkpt>
      <trkpt lat="52.279336" lon="4.633191">
        <ele>-6</ele>
      </trkpt>
      <trkpt lat="52.279292" lon="4.633151">
        <ele>-6</ele>
      </trkpt>
      <trkpt lat="52.279242" lon="4.63314">
        <ele>-6</ele>
      </trkpt>
      <trkpt lat="52.279193" lon="4.633158">
        <ele>-6</ele>
      </trkpt>
      <trkpt lat="52.279151" lon="4.633204">
        <ele>-6</ele>
      </trkpt>
      <trkpt lat="52.279124" lon="4.633265">
        <ele>-6</ele>
      </trkpt>
      <trkpt lat="52.279111" lon="4.633328">
        <ele>-6.03</ele>
      </trkpt>
      <trkpt lat="52.27911" lon="4.633399">
        <ele>-6.08</ele>
      </trkpt>
      <trkpt lat="52.279122" lon="4.633467">
        <ele>-6.12</ele>
      </trkpt>
      <trkpt lat="52.279147" lon="4.633525">
        <ele>-6.15</ele>
      </trkpt>
      <trkpt lat="52.279108" lon="4.633713">
        <ele>-6.28</ele>
      </trkpt>
      <trkpt lat="52.27909" lon="4.633879">
        <ele>-6.4</ele>
      </trkpt>
      <trkpt lat="52.278929" lon="4.634282">
        <ele>-6.74</ele>
      </trkpt>
      <trkpt lat="52.278864" lon="4.634418">
        <ele>-6.82</ele>
      </trkpt>
      <trkpt lat="52.27778" lon="4.63639">
        <ele>-7</ele>
      </trkpt>
      <trkpt lat="52.267491" lon="4.655546">
        <ele>-5.48</ele>
      </trkpt>
      <trkpt lat="52.267413" lon="4.655612">
        <ele>-5.53</ele>
      </trkpt>
      <trkpt lat="52.267308" lon="4.655805">
        <ele>-5.68</ele>
      </trkpt>
      <trkpt lat="52.267256" lon="4.655778">
        <ele>-5.75</ele>
      </trkpt>
      <trkpt lat="52.267202" lon="4.655785">
        <ele>-5.81</ele>
      </trkpt>
      <trkpt lat="52.267154" lon="4.655826">
        <ele>-5.87</ele>
      </trkpt>
      <trkpt lat="52.267012" lon="4.655717">
        <ele>-5.93</ele>
      </trkpt>
      <trkpt lat="52.266907" lon="4.655661">
        <ele>-5.86</ele>
      </trkpt>
      <trkpt lat="52.266724" lon="4.655485">
        <ele>-5.65</ele>
      </trkpt>
      <trkpt lat="52.266497" lon="4.655203">
        <ele>-5.31</ele>
      </trkpt>
      <trkpt lat="52.264854" lon="4.652887">
        <ele>-3.96</ele>
      </trkpt>
      <trkpt lat="52.264296" lon="4.652043">
        <ele>-4.3</ele>
      </trkpt>
      <trkpt lat="52.263739" lon="4.651179">
        <ele>-4.97</ele>
      </trkpt>
      <trkpt lat="52.26312" lon="4.65025">
        <ele>-4.55</ele>
      </trkpt>
      <trkpt lat="52.262873" lon="4.649911">
        <ele>-5</ele>
      </trkpt>
      <trkpt lat="52.262756" lon="4.649691">
        <ele>-5</ele>
      </trkpt>
      <trkpt lat="52.262642" lon="4.64954">
        <ele>-5</ele>
      </trkpt>
      <trkpt lat="52.262657" lon="4.649482">
        <ele>-5</ele>
      </trkpt>
      <trkpt lat="52.26266" lon="4.649419">
        <ele>-5</ele>
      </trkpt>
      <trkpt lat="52.262652" lon="4.649357">
        <ele>-5</ele>
      </trkpt>
      <trkpt lat="52.262633" lon="4.649303">
        <ele>-5</ele>
      </trkpt>
      <trkpt lat="52.262588" lon="4.649243">
        <ele>-5</ele>
      </trkpt>
      <trkpt lat="52.262554" lon="4.649225">
        <ele>-5</ele>
      </trkpt>
      <trkpt lat="52.262518" lon="4.649222">
        <ele>-5</ele>
      </trkpt>
      <trkpt lat="52.262483" lon="4.649236">
        <ele>-5</ele>
      </trkpt>
      <trkpt lat="52.262452" lon="4.649265">
        <ele>-5</ele>
      </trkpt>
      <trkpt lat="52.262335" lon="4.649107">
        <ele>-5</ele>
      </trkpt>
      <trkpt lat="52.262215" lon="4.648992">
        <ele>-5.03</ele>
      </trkpt>
      <trkpt lat="52.261009" lon="4.647349">
        <ele>-5.79</ele>
      </trkpt>
      <trkpt lat="52.260861" lon="4.647082">
        <ele>-5.76</ele>
      </trkpt>
      <trkpt lat="52.260784" lon="4.646892">
        <ele>-5.83</ele>
      </trkpt>
      <trkpt lat="52.260741" lon="4.646754">
        <ele>-5.9</ele>
      </trkpt>
      <trkpt lat="52.260692" lon="4.646484">
        <ele>-6</ele>
      </trkpt>
      <trkpt lat="52.260665" lon="4.646157">
        <ele>-6</ele>
      </trkpt>
      <trkpt lat="52.260642" lon="4.645542">
        <ele>-5.72</ele>
      </trkpt>
      <trkpt lat="52.260627" lon="4.645373">
        <ele>-5.52</ele>
      </trkpt>
      <trkpt lat="52.260608" lon="4.645235">
        <ele>-5.35</ele>
      </trkpt>
      <trkpt lat="52.260554" lon="4.645009">
        <ele>-5.08</ele>
      </trkpt>
      <trkpt lat="52.260482" lon="4.644811">
        <ele>-4.86</ele>
      </trkpt>
      <trkpt lat="52.26039" lon="4.644637">
        <ele>-4.64</ele>
      </trkpt>
      <trkpt lat="52.259922" lon="4.643969">
        <ele>-2.92</ele>
      </trkpt>
      <trkpt lat="52.259891" lon="4.643867">
        <ele>-2.88</ele>
      </trkpt>
      <trkpt lat="52.259771" lon="4.643673">
        <ele>-2.78</ele>
      </trkpt>
      <trkpt lat="52.259782" lon="4.643616">
        <ele>-2.82</ele>
      </trkpt>
      <trkpt lat="52.259783" lon="4.643557">
        <ele>-2.86</ele>
      </trkpt>
      <trkpt lat="52.259775" lon="4.643499">
        <ele>-2.88</ele>
      </trkpt>
      <trkpt lat="52.259758" lon="4.643446">
        <ele>-2.9</ele>
      </trkpt>
      <trkpt lat="52.259734" lon="4.643404">
        <ele>-2.91</ele>
      </trkpt>
      <trkpt lat="52.259704" lon="4.643373">
        <ele>-2.93</ele>
      </trkpt>
      <trkpt lat="52.25964" lon="4.643352">
        <ele>-2.93</ele>
      </trkpt>
      <trkpt lat="52.259577" lon="4.643381">
        <ele>-2.88</ele>
      </trkpt>
      <trkpt lat="52.259545" lon="4.643422">
        <ele>-2.82</ele>
      </trkpt>
      <trkpt lat="52.259522" lon="4.643477">
        <ele>-2.76</ele>
      </trkpt>
      <trkpt lat="52.259508" lon="4.643552">
        <ele>-2.68</ele>
      </trkpt>
      <trkpt lat="52.259511" lon="4.64363">
        <ele>-2.59</ele>
      </trkpt>
      <trkpt lat="52.25953" lon="4.643702">
        <ele>-2.49</ele>
      </trkpt>
      <trkpt lat="52.259461" lon="4.643859">
        <ele>-2.37</ele>
      </trkpt>
      <trkpt lat="52.25942" lon="4.643993">
        <ele>-2.27</ele>
      </trkpt>
      <trkpt lat="52.259297" lon="4.644221">
        <ele>-2.39</ele>
      </trkpt>
      <trkpt lat="52.259222" lon="4.644297">
        <ele>-2.53</ele>
      </trkpt>
      <trkpt lat="52.25919" lon="4.644363">
        <ele>-2.6</ele>
      </trkpt>
      <trkpt lat="52.25917" lon="4.644446">
        <ele>-2.67</ele>
      </trkpt>
      <trkpt lat="52.258861" lon="4.645038">
        <ele>-3.02</ele>
      </trkpt>
      <trkpt lat="52.25789" lon="4.64686">
        <ele>-4.99</ele>
      </trkpt>
      <trkpt lat="52.256674" lon="4.64911">
        <ele>-5.44</ele>
      </trkpt>
      <trkpt lat="52.255472" lon="4.651383">
        <ele>-5.89</ele>
      </trkpt>
      <trkpt lat="52.252949" lon="4.656103">
        <ele>-5</ele>
      </trkpt>
      <trkpt lat="52.252834" lon="4.656258">
        <ele>-4.95</ele>
      </trkpt>
      <trkpt lat="52.252735" lon="4.656435">
        <ele>-4.83</ele>
      </trkpt>
      <trkpt lat="52.252678" lon="4.656404">
        <ele>-4.76</ele>
      </trkpt>
      <trkpt lat="52.25262" lon="4.65642">
        <ele>-4.69</ele>
      </trkpt>
      <trkpt lat="52.252589" lon="4.656452">
        <ele>-4.66</ele>
      </trkpt>
      <trkpt lat="52.252565" lon="4.656499">
        <ele>-4.63</ele>
      </trkpt>
      <trkpt lat="52.25255" lon="4.656563">
        <ele>-4.61</ele>
      </trkpt>
      <trkpt lat="52.252549" lon="4.656631">
        <ele>-4.62</ele>
      </trkpt>
      <trkpt lat="52.252562" lon="4.656695">
        <ele>-4.66</ele>
      </trkpt>
      <trkpt lat="52.252509" lon="4.656835">
        <ele>-4.68</ele>
      </trkpt>
      <trkpt lat="52.252475" lon="4.656984">
        <ele>-4.73</ele>
      </trkpt>
      <trkpt lat="52.249616" lon="4.662353">
        <ele>-4.28</ele>
      </trkpt>
      <trkpt lat="52.246501" lon="4.668112">
        <ele>-4.37</ele>
      </trkpt>
      <trkpt lat="52.24439" lon="4.671947">
        <ele>-6.49</ele>
      </trkpt>
      <trkpt lat="52.243595" lon="4.673419">
        <ele>-5.85</ele>
      </trkpt>
      <trkpt lat="52.242503" lon="4.675479">
        <ele>-5.84</ele>
      </trkpt>
      <trkpt lat="52.241489" lon="4.677347">
        <ele>-5.04</ele>
      </trkpt>
      <trkpt lat="52.241359" lon="4.677572">
        <ele>-5</ele>
      </trkpt>
      <trkpt lat="52.240913" lon="4.678288">
        <ele>-4.99</ele>
      </trkpt>
      <trkpt lat="52.240874" lon="4.678241">
        <ele>-5</ele>
      </trkpt>
      <trkpt lat="52.240827" lon="4.678221">
        <ele>-5</ele>
      </trkpt>
      <trkpt lat="52.240778" lon="4.67823">
        <ele>-5</ele>
      </trkpt>
      <trkpt lat="52.240735" lon="4.678267">
        <ele>-5</ele>
      </trkpt>
      <trkpt lat="52.240703" lon="4.678327">
        <ele>-4.98</ele>
      </trkpt>
      <trkpt lat="52.240687" lon="4.678402">
        <ele>-4.95</ele>
      </trkpt>
      <trkpt lat="52.240688" lon="4.678482">
        <ele>-4.91</ele>
      </trkpt>
      <trkpt lat="52.240323" lon="4.678731">
        <ele>-5.03</ele>
      </trkpt>
      <trkpt lat="52.240097" lon="4.678851">
        <ele>-5.1</ele>
      </trkpt>
      <trkpt lat="52.239862" lon="4.678938">
        <ele>-5.13</ele>
      </trkpt>
      <trkpt lat="52.239609" lon="4.678976">
        <ele>-5.15</ele>
      </trkpt>
      <trkpt lat="52.239329" lon="4.678962">
        <ele>-4.67</ele>
      </trkpt>
      <trkpt lat="52.239085" lon="4.678916">
        <ele>-4.15</ele>
      </trkpt>
      <trkpt lat="52.238819" lon="4.678812">
        <ele>-3.63</ele>
      </trkpt>
      <trkpt lat="52.23858" lon="4.678687">
        <ele>-3.29</ele>
      </trkpt>
      <trkpt lat="52.238399" lon="4.678565">
        <ele>-3.16</ele>
      </trkpt>
      <trkpt lat="52.237922" lon="4.678188">
        <ele>-3.17</ele>
      </trkpt>
      <trkpt lat="52.23513" lon="4.675714">
        <ele>-3.21</ele>
      </trkpt>
      <trkpt lat="52.234812" lon="4.675408">
        <ele>-2.43</ele>
      </trkpt>
      <trkpt lat="52.234547" lon="4.675108">
        <ele>-1.83</ele>
      </trkpt>
      <trkpt lat="52.234398" lon="4.674914">
        <ele>-1.87</ele>
      </trkpt>
      <trkpt lat="52.234137" lon="4.674538">
        <ele>-2.01</ele>
      </trkpt>
      <trkpt lat="52.233813" lon="4.673995">
        <ele>-2.27</ele>
      </trkpt>
      <trkpt lat="52.231986" lon="4.670528">
        <ele>-0.33</ele>
      </trkpt>
      <trkpt lat="52.231819" lon="4.670229">
        <ele>-0.58</ele>
      </trkpt>
      <trkpt lat="52.231699" lon="4.66992">
        <ele>-0.59</ele>
      </trkpt>
      <trkpt lat="52.231253" lon="4.669025">
        <ele>-0.26</ele>
      </trkpt>
      <trkpt lat="52.231132" lon="4.66881">
        <ele>-0.72</ele>
      </trkpt>
      <trkpt lat="52.231027" lon="4.66897">
        <ele>-0.34</ele>
      </trkpt>
      <trkpt lat="52.230859" lon="4.669264">
        <ele>0</ele>
      </trkpt>
      <trkpt lat="52.228666" lon="4.672652">
        <ele>0.97</ele>
      </trkpt>
      <trkpt lat="52.22826" lon="4.673234">
        <ele>0.97</ele>
      </trkpt>
      <trkpt lat="52.228091" lon="4.673456">
        <ele>1.21</ele>
      </trkpt>
      <trkpt lat="52.227623" lon="4.674033">
        <ele>1.31</ele>
      </trkpt>
      <trkpt lat="52.227212" lon="4.674505">
        <ele>-0.05</ele>
      </trkpt>
      <trkpt lat="52.226575" lon="4.675119">
        <ele>-0.65</ele>
      </trkpt>
      <trkpt lat="52.225456" lon="4.676143">
        <ele>-0.49</ele>
      </trkpt>
      <trkpt lat="52.225275" lon="4.676291">
        <ele>-0.89</ele>
      </trkpt>
      <trkpt lat="52.225197" lon="4.676338">
        <ele>-1.16</ele>
      </trkpt>
      <trkpt lat="52.225202" lon="4.676572">
        <ele>-1.36</ele>
      </trkpt>
      <trkpt lat="52.225256" lon="4.676755">
        <ele>-1.45</ele>
      </trkpt>
      <trkpt lat="52.225405" lon="4.677832">
        <ele>-2.4</ele>
      </trkpt>
      <trkpt lat="52.225153" lon="4.677872">
        <ele>-2.9</ele>
      </trkpt>
      <trkpt lat="52.224237" lon="4.678146">
        <ele>-3.28</ele>
      </trkpt>
      <trkpt lat="52.223544" lon="4.678329">
        <ele>-1.98</ele>
      </trkpt>
      <trkpt lat="52.223499" lon="4.678372">
        <ele>-1.95</ele>
      </trkpt>
      <trkpt lat="52.223442" lon="4.678366">
        <ele>-1.93</ele>
      </trkpt>
      <trkpt lat="52.2227" lon="4.6786">
        <ele>-1.39</ele>
      </trkpt>
      <trkpt lat="52.222291" lon="4.67892">
        <ele>-1.53</ele>
      </trkpt>
      <trkpt lat="52.222217" lon="4.679026">
        <ele>-1.61</ele>
      </trkpt>
      <trkpt lat="52.221841" lon="4.679174">
        <ele>-2.4</ele>
      </trkpt>
      <trkpt lat="52.22186" lon="4.679358">
        <ele>-2.13</ele>
      </trkpt>
      <trkpt lat="52.221858" lon="4.679582">
        <ele>-1.87</ele>
      </trkpt>
      <trkpt lat="52.221872" lon="4.679898">
        <ele>-1.45</ele>
      </trkpt>
      <trkpt lat="52.221999" lon="4.680956">
        <ele>-0.26</ele>
      </trkpt>
      <trkpt lat="52.22207" lon="4.681443">
        <ele>-0.84</ele>
      </trkpt>
      <trkpt lat="52.222224" lon="4.682198">
        <ele>-1.93</ele>
      </trkpt>
      <trkpt lat="52.222259" lon="4.682419">
        <ele>-2.23</ele>
      </trkpt>
      <trkpt lat="52.222267" lon="4.682604">
        <ele>-2.28</ele>
      </trkpt>
      <trkpt lat="52.222216" lon="4.683108">
        <ele>-2.22</ele>
      </trkpt>
      <trkpt lat="52.222135" lon="4.68369">
        <ele>-2.12</ele>
      </trkpt>
      <trkpt lat="52.222073" lon="4.683862">
        <ele>-2.04</ele>
      </trkpt>
      <trkpt lat="52.221993" lon="4.684015">
        <ele>-2.15</ele>
      </trkpt>
      <trkpt lat="52.221847" lon="4.684234">
        <ele>-2.65</ele>
      </trkpt>
      <trkpt lat="52.221746" lon="4.684432">
        <ele>-2.92</ele>
      </trkpt>
      <trkpt lat="52.221685" lon="4.684644">
        <ele>-3</ele>
      </trkpt>
      <trkpt lat="52.221672" lon="4.684747">
        <ele>-2.94</ele>
      </trkpt>
      <trkpt lat="52.221672" lon="4.684747">
        <ele>-2.94</ele>
      </trkpt>
      <trkpt lat="52.221538" lon="4.685805">
        <ele>-2.18</ele>
      </trkpt>
      <trkpt lat="52.221588" lon="4.686283">
        <ele>-1.75</ele>
      </trkpt>
      <trkpt lat="52.2216" lon="4.686547">
        <ele>-1.57</ele>
      </trkpt>
      <trkpt lat="52.221567" lon="4.687038">
        <ele>-0.99</ele>
      </trkpt>
      <trkpt lat="52.221487" lon="4.687309">
        <ele>-0.56</ele>
      </trkpt>
      <trkpt lat="52.22146" lon="4.687443">
        <ele>-0.32</ele>
      </trkpt>
      <trkpt lat="52.22144" lon="4.688241">
        <ele>-1.23</ele>
      </trkpt>
      <trkpt lat="52.221412" lon="4.688807">
        <ele>-2.51</ele>
      </trkpt>
      <trkpt lat="52.221359" lon="4.690236">
        <ele>-2.09</ele>
      </trkpt>
      <trkpt lat="52.221316" lon="4.690675">
        <ele>-1.51</ele>
      </trkpt>
      <trkpt lat="52.221253" lon="4.691141">
        <ele>-1.18</ele>
      </trkpt>
      <trkpt lat="52.221183" lon="4.691542">
        <ele>-1.1</ele>
      </trkpt>
      <trkpt lat="52.221054" lon="4.692179">
        <ele>-1.6</ele>
      </trkpt>
      <trkpt lat="52.22095" lon="4.692965">
        <ele>-1.91</ele>
      </trkpt>
      <trkpt lat="52.220876" lon="4.69384">
        <ele>-2.59</ele>
      </trkpt>
      <trkpt lat="52.22078" lon="4.694379">
        <ele>-3.01</ele>
      </trkpt>
      <trkpt lat="52.220353" lon="4.696539">
        <ele>-2.06</ele>
      </trkpt>
      <trkpt lat="52.220179" lon="4.697189">
        <ele>-3.06</ele>
      </trkpt>
      <trkpt lat="52.22015" lon="4.697436">
        <ele>-3.26</ele>
      </trkpt>
      <trkpt lat="52.220163" lon="4.697856">
        <ele>-3.25</ele>
      </trkpt>
      <trkpt lat="52.22015" lon="4.698019">
        <ele>-3.27</ele>
      </trkpt>
      <trkpt lat="52.219974" lon="4.698627">
        <ele>-3.28</ele>
      </trkpt>
      <trkpt lat="52.219875" lon="4.699012">
        <ele>-3.08</ele>
      </trkpt>
      <trkpt lat="52.219712" lon="4.699798">
        <ele>-1.88</ele>
      </trkpt>
      <trkpt lat="52.219617" lon="4.700159">
        <ele>-0.86</ele>
      </trkpt>
      <trkpt lat="52.219481" lon="4.700511">
        <ele>0.17</ele>
      </trkpt>
      <trkpt lat="52.219287" lon="4.700932">
        <ele>-0.15</ele>
      </trkpt>
      <trkpt lat="52.218721" lon="4.70183">
        <ele>-1.99</ele>
      </trkpt>
      <trkpt lat="52.218242" lon="4.702669">
        <ele>-3.49</ele>
      </trkpt>
      <trkpt lat="52.21812" lon="4.702905">
        <ele>-3.5</ele>
      </trkpt>
      <trkpt lat="52.2178" lon="4.704">
        <ele>-1.59</ele>
      </trkpt>
      <trkpt lat="52.217398" lon="4.705243">
        <ele>-2.32</ele>
      </trkpt>
      <trkpt lat="52.217354" lon="4.705468">
        <ele>-2.09</ele>
      </trkpt>
      <trkpt lat="52.217327" lon="4.705646">
        <ele>-1.86</ele>
      </trkpt>
      <trkpt lat="52.217291" lon="4.706039">
        <ele>-1.61</ele>
      </trkpt>
      <trkpt lat="52.217245" lon="4.706433">
        <ele>-1.5</ele>
      </trkpt>
      <trkpt lat="52.217197" lon="4.706722">
        <ele>-1.39</ele>
      </trkpt>
      <trkpt lat="52.217135" lon="4.707003">
        <ele>-1.24</ele>
      </trkpt>
      <trkpt lat="52.217051" lon="4.707269">
        <ele>-1.04</ele>
      </trkpt>
      <trkpt lat="52.216819" lon="4.707822">
        <ele>-1.99</ele>
      </trkpt>
      <trkpt lat="52.216558" lon="4.708387">
        <ele>-2.56</ele>
      </trkpt>
      <trkpt lat="52.216348" lon="4.708992">
        <ele>-2.27</ele>
      </trkpt>
      <trkpt lat="52.21601" lon="4.709781">
        <ele>-2.51</ele>
      </trkpt>
      <trkpt lat="52.215943" lon="4.710005">
        <ele>-2.56</ele>
      </trkpt>
      <trkpt lat="52.215717" lon="4.710922">
        <ele>-2.14</ele>
      </trkpt>
      <trkpt lat="52.215547" lon="4.711519">
        <ele>-2.07</ele>
      </trkpt>
      <trkpt lat="52.215197" lon="4.712612">
        <ele>-1.62</ele>
      </trkpt>
      <trkpt lat="52.214969" lon="4.713473">
        <ele>-2.44</ele>
      </trkpt>
      <trkpt lat="52.214892" lon="4.713818">
        <ele>-2.72</ele>
      </trkpt>
      <trkpt lat="52.214794" lon="4.714373">
        <ele>-3.07</ele>
      </trkpt>
      <trkpt lat="52.214639" lon="4.715091">
        <ele>-3.5</ele>
      </trkpt>
      <trkpt lat="52.214587" lon="4.715488">
        <ele>-3.25</ele>
      </trkpt>
      <trkpt lat="52.214547" lon="4.715933">
        <ele>-2.99</ele>
      </trkpt>
      <trkpt lat="52.214505" lon="4.716229">
        <ele>-3.07</ele>
      </trkpt>
      <trkpt lat="52.214443" lon="4.716463">
        <ele>-3.15</ele>
      </trkpt>
      <trkpt lat="52.214341" lon="4.716699">
        <ele>-3.12</ele>
      </trkpt>
      <trkpt lat="52.214145" lon="4.717034">
        <ele>-2.74</ele>
      </trkpt>
      <trkpt lat="52.213896" lon="4.717414">
        <ele>-2.08</ele>
      </trkpt>
      <trkpt lat="52.213813" lon="4.717598">
        <ele>-2.02</ele>
      </trkpt>
      <trkpt lat="52.213738" lon="4.717845">
        <ele>-2.02</ele>
      </trkpt>
      <trkpt lat="52.213537" lon="4.718825">
        <ele>-2.98</ele>
      </trkpt>
      <trkpt lat="52.213433" lon="4.719395">
        <ele>-3.22</ele>
      </trkpt>
      <trkpt lat="52.213412" lon="4.719627">
        <ele>-3.14</ele>
      </trkpt>
      <trkpt lat="52.213387" lon="4.720279">
        <ele>-2.85</ele>
      </trkpt>
      <trkpt lat="52.213373" lon="4.720447">
        <ele>-2.77</ele>
      </trkpt>
      <trkpt lat="52.213344" lon="4.720631">
        <ele>-2.65</ele>
      </trkpt>
      <trkpt lat="52.213286" lon="4.720829">
        <ele>-2.5</ele>
      </trkpt>
      <trkpt lat="52.213128" lon="4.721185">
        <ele>-2.31</ele>
      </trkpt>
      <trkpt lat="52.213049" lon="4.721429">
        <ele>-2.22</ele>
      </trkpt>
      <trkpt lat="52.212971" lon="4.721823">
        <ele>-2.15</ele>
      </trkpt>
      <trkpt lat="52.212943" lon="4.721914">
        <ele>-2.12</ele>
      </trkpt>
      <trkpt lat="52.212878" lon="4.721999">
        <ele>-2.02</ele>
      </trkpt>
      <trkpt lat="52.212662" lon="4.722201">
        <ele>-2.82</ele>
      </trkpt>
      <trkpt lat="52.212603" lon="4.722313">
        <ele>-3.01</ele>
      </trkpt>
      <trkpt lat="52.212566" lon="4.722466">
        <ele>-3.09</ele>
      </trkpt>
      <trkpt lat="52.21248" lon="4.722942">
        <ele>-3.13</ele>
      </trkpt>
      <trkpt lat="52.212475" lon="4.723292">
        <ele>-2.94</ele>
      </trkpt>
      <trkpt lat="52.212416" lon="4.723825">
        <ele>-2.09</ele>
      </trkpt>
      <trkpt lat="52.212025" lon="4.723675">
        <ele>-3.09</ele>
      </trkpt>
      <trkpt lat="52.211729" lon="4.72358">
        <ele>-3.79</ele>
      </trkpt>
      <trkpt lat="52.211613" lon="4.723476">
        <ele>-4.17</ele>
      </trkpt>
      <trkpt lat="52.206762" lon="4.722117">
        <ele>-3.16</ele>
      </trkpt>
      <trkpt lat="52.203999" lon="4.721373">
        <ele>-4.24</ele>
      </trkpt>
      <trkpt lat="52.201529" lon="4.720723">
        <ele>-5.24</ele>
      </trkpt>
      <trkpt lat="52.20139" lon="4.720593">
        <ele>-5.6</ele>
      </trkpt>
      <trkpt lat="52.200585" lon="4.722149">
        <ele>-4.2</ele>
      </trkpt>
      <trkpt lat="52.200184" lon="4.722888">
        <ele>-3.7</ele>
      </trkpt>
      <trkpt lat="52.19879" lon="4.725521">
        <ele>-3</ele>
      </trkpt>
      <trkpt lat="52.198738" lon="4.725614">
        <ele>-3</ele>
      </trkpt>
      <trkpt lat="52.198595" lon="4.725896">
        <ele>-2.89</ele>
      </trkpt>
      <trkpt lat="52.195406" lon="4.731932">
        <ele>-2.93</ele>
      </trkpt>
      <trkpt lat="52.194908" lon="4.732952">
        <ele>-2.45</ele>
      </trkpt>
      <trkpt lat="52.194768" lon="4.733268">
        <ele>-2.28</ele>
      </trkpt>
      <trkpt lat="52.194686" lon="4.733622">
        <ele>-2.11</ele>
      </trkpt>
      <trkpt lat="52.194565" lon="4.736345">
        <ele>-2.08</ele>
      </trkpt>
      <trkpt lat="52.194411" lon="4.738186">
        <ele>-2</ele>
      </trkpt>
      <trkpt lat="52.194425" lon="4.738507">
        <ele>-2</ele>
      </trkpt>
      <trkpt lat="52.194448" lon="4.738803">
        <ele>-2</ele>
      </trkpt>
      <trkpt lat="52.194467" lon="4.738977">
        <ele>-2</ele>
      </trkpt>
      <trkpt lat="52.194473" lon="4.739549">
        <ele>-2</ele>
      </trkpt>
      <trkpt lat="52.194491" lon="4.739803">
        <ele>-2</ele>
      </trkpt>
      <trkpt lat="52.195155" lon="4.739422">
        <ele>-2</ele>
      </trkpt>
      <trkpt lat="52.195818" lon="4.739002">
        <ele>-2.15</ele>
      </trkpt>
      <trkpt lat="52.195947" lon="4.738936">
        <ele>-2.22</ele>
      </trkpt>
      <trkpt lat="52.200745" lon="4.737059">
        <ele>-2.02</ele>
      </trkpt>
      <trkpt lat="52.2028" lon="4.736237">
        <ele>-2.08</ele>
      </trkpt>
      <trkpt lat="52.204003" lon="4.735739">
        <ele>-2.4</ele>
      </trkpt>
      <trkpt lat="52.206015" lon="4.734859">
        <ele>-1.56</ele>
      </trkpt>
      <trkpt lat="52.206209" lon="4.734799">
        <ele>-1.19</ele>
      </trkpt>
      <trkpt lat="52.206385" lon="4.734814">
        <ele>-1.13</ele>
      </trkpt>
      <trkpt lat="52.206587" lon="4.73491">
        <ele>-1.03</ele>
      </trkpt>
      <trkpt lat="52.20677" lon="4.735067">
        <ele>-0.96</ele>
      </trkpt>
      <trkpt lat="52.20724" lon="4.735595">
        <ele>-1</ele>
      </trkpt>
      <trkpt lat="52.20758" lon="4.736038">
        <ele>-1</ele>
      </trkpt>
      <trkpt lat="52.207934" lon="4.736512">
        <ele>-1.08</ele>
      </trkpt>
      <trkpt lat="52.208293" lon="4.736938">
        <ele>-1.89</ele>
      </trkpt>
      <trkpt lat="52.2106" lon="4.7393">
        <ele>-1</ele>
      </trkpt>
      <trkpt lat="52.210885" lon="4.739646">
        <ele>-1</ele>
      </trkpt>
      <trkpt lat="52.2112" lon="4.7401">
        <ele>-1.17</ele>
      </trkpt>
      <trkpt lat="52.211705" lon="4.740957">
        <ele>0.17</ele>
      </trkpt>
      <trkpt lat="52.211933" lon="4.741282">
        <ele>0.47</ele>
      </trkpt>
      <trkpt lat="52.21212" lon="4.741503">
        <ele>0.16</ele>
      </trkpt>
      <trkpt lat="52.2123" lon="4.7417">
        <ele>-0.44</ele>
      </trkpt>
      <trkpt lat="52.2125" lon="4.741877">
        <ele>-0.83</ele>
      </trkpt>
      <trkpt lat="52.212707" lon="4.742047">
        <ele>-1</ele>
      </trkpt>
      <trkpt lat="52.212972" lon="4.742243">
        <ele>-1.16</ele>
      </trkpt>
      <trkpt lat="52.213233" lon="4.742464">
        <ele>-1.44</ele>
      </trkpt>
      <trkpt lat="52.214111" lon="4.74334">
        <ele>-1.48</ele>
      </trkpt>
      <trkpt lat="52.214222" lon="4.743495">
        <ele>-1.28</ele>
      </trkpt>
      <trkpt lat="52.214331" lon="4.74369">
        <ele>-1.13</ele>
      </trkpt>
      <trkpt lat="52.214414" lon="4.743898">
        <ele>-1.04</ele>
      </trkpt>
      <trkpt lat="52.214515" lon="4.74426">
        <ele>-1</ele>
      </trkpt>
      <trkpt lat="52.214558" lon="4.744589">
        <ele>-0.97</ele>
      </trkpt>
      <trkpt lat="52.214581" lon="4.745937">
        <ele>-1.95</ele>
      </trkpt>
      <trkpt lat="52.214573" lon="4.746307">
        <ele>-1.96</ele>
      </trkpt>
      <trkpt lat="52.214532" lon="4.747094">
        <ele>-2</ele>
      </trkpt>
      <trkpt lat="52.214529" lon="4.74743">
        <ele>-2</ele>
      </trkpt>
      <trkpt lat="52.214546" lon="4.747691">
        <ele>-1.99</ele>
      </trkpt>
      <trkpt lat="52.214591" lon="4.747963">
        <ele>-1.93</ele>
      </trkpt>
      <trkpt lat="52.214665" lon="4.748261">
        <ele>-1.84</ele>
      </trkpt>
      <trkpt lat="52.215081" lon="4.749367">
        <ele>-1</ele>
      </trkpt>
      <trkpt lat="52.215194" lon="4.749816">
        <ele>-1</ele>
      </trkpt>
      <trkpt lat="52.215323" lon="4.750397">
        <ele>-1</ele>
      </trkpt>
      <trkpt lat="52.215406" lon="4.750668">
        <ele>-1.08</ele>
      </trkpt>
      <trkpt lat="52.215471" lon="4.75083">
        <ele>-1.24</ele>
      </trkpt>
      <trkpt lat="52.215574" lon="4.751025">
        <ele>-1.49</ele>
      </trkpt>
      <trkpt lat="52.216296" lon="4.752033">
        <ele>-2.83</ele>
      </trkpt>
      <trkpt lat="52.216449" lon="4.752225">
        <ele>-2.49</ele>
      </trkpt>
      <trkpt lat="52.216655" lon="4.752416">
        <ele>-1.94</ele>
      </trkpt>
      <trkpt lat="52.216823" lon="4.752588">
        <ele>-1.51</ele>
      </trkpt>
      <trkpt lat="52.216912" lon="4.752696">
        <ele>-1.3</ele>
      </trkpt>
      <trkpt lat="52.217023" lon="4.752886">
        <ele>-1.03</ele>
      </trkpt>
      <trkpt lat="52.21711" lon="4.753084">
        <ele>-1</ele>
      </trkpt>
      <trkpt lat="52.217153" lon="4.753226">
        <ele>-1</ele>
      </trkpt>
      <trkpt lat="52.217193" lon="4.753408">
        <ele>-1</ele>
      </trkpt>
      <trkpt lat="52.21722" lon="4.753633">
        <ele>-1</ele>
      </trkpt>
      <trkpt lat="52.217226" lon="4.753848">
        <ele>-1</ele>
      </trkpt>
      <trkpt lat="52.217192" lon="4.754992">
        <ele>-0.8</ele>
      </trkpt>
      <trkpt lat="52.217195" lon="4.755214">
        <ele>-0.75</ele>
      </trkpt>
      <trkpt lat="52.217291" lon="4.756528">
        <ele>-0.66</ele>
      </trkpt>
      <trkpt lat="52.217303" lon="4.75683">
        <ele>-1</ele>
      </trkpt>
      <trkpt lat="52.2173" lon="4.757402">
        <ele>-1.91</ele>
      </trkpt>
      <trkpt lat="52.2172" lon="4.759186">
        <ele>-2.18</ele>
      </trkpt>
      <trkpt lat="52.217192" lon="4.759516">
        <ele>-2.1</ele>
      </trkpt>
      <trkpt lat="52.21721" lon="4.759773">
        <ele>-2.05</ele>
      </trkpt>
      <trkpt lat="52.21725" lon="4.760012">
        <ele>-1.98</ele>
      </trkpt>
      <trkpt lat="52.217732" lon="4.761839">
        <ele>-1.38</ele>
      </trkpt>
      <trkpt lat="52.217907" lon="4.762387">
        <ele>-1.87</ele>
      </trkpt>
      <trkpt lat="52.218044" lon="4.762738">
        <ele>-1.79</ele>
      </trkpt>
      <trkpt lat="52.218196" lon="4.76308">
        <ele>-1.61</ele>
      </trkpt>
      <trkpt lat="52.218333" lon="4.763356">
        <ele>-1.45</ele>
      </trkpt>
      <trkpt lat="52.219051" lon="4.764508">
        <ele>-2.84</ele>
      </trkpt>
      <trkpt lat="52.219436" lon="4.765105">
        <ele>-3.63</ele>
      </trkpt>
      <trkpt lat="52.220034" lon="4.765986">
        <ele>-3.46</ele>
      </trkpt>
      <trkpt lat="52.220236" lon="4.76632">
        <ele>-3.31</ele>
      </trkpt>
      <trkpt lat="52.221142" lon="4.768155">
        <ele>-1</ele>
      </trkpt>
      <trkpt lat="52.22133" lon="4.768603">
        <ele>-1.1</ele>
      </trkpt>
      <trkpt lat="52.222857" lon="4.772465">
        <ele>-2.96</ele>
      </trkpt>
      <trkpt lat="52.223671" lon="4.773804">
        <ele>-2.56</ele>
      </trkpt>
      <trkpt lat="52.224176" lon="4.774616">
        <ele>-1.87</ele>
      </trkpt>
      <trkpt lat="52.224326" lon="4.774846">
        <ele>-1.51</ele>
      </trkpt>
      <trkpt lat="52.22449" lon="4.775055">
        <ele>-1.21</ele>
      </trkpt>
      <trkpt lat="52.224687" lon="4.775257">
        <ele>-1.47</ele>
      </trkpt>
      <trkpt lat="52.224904" lon="4.775432">
        <ele>-1.76</ele>
      </trkpt>
      <trkpt lat="52.225501" lon="4.775868">
        <ele>-2.16</ele>
      </trkpt>
      <trkpt lat="52.225778" lon="4.776019">
        <ele>-2.49</ele>
      </trkpt>
      <trkpt lat="52.226235" lon="4.776226">
        <ele>-2.89</ele>
      </trkpt>
      <trkpt lat="52.226896" lon="4.776412">
        <ele>-0.51</ele>
      </trkpt>
      <trkpt lat="52.22706" lon="4.776507">
        <ele>-0.08</ele>
      </trkpt>
      <trkpt lat="52.227164" lon="4.776616">
        <ele>-0.45</ele>
      </trkpt>
      <trkpt lat="52.227254" lon="4.77676">
        <ele>-0.78</ele>
      </trkpt>
      <trkpt lat="52.227334" lon="4.776948">
        <ele>-1.07</ele>
      </trkpt>
      <trkpt lat="52.22738" lon="4.777138">
        <ele>-1.23</ele>
      </trkpt>
      <trkpt lat="52.227499" lon="4.777977">
        <ele>-1.66</ele>
      </trkpt>
      <trkpt lat="52.227581" lon="4.778362">
        <ele>-1.98</ele>
      </trkpt>
      <trkpt lat="52.227981" lon="4.779813">
        <ele>-2.87</ele>
      </trkpt>
      <trkpt lat="52.228077" lon="4.780085">
        <ele>-2.64</ele>
      </trkpt>
      <trkpt lat="52.228312" lon="4.780609">
        <ele>-2.11</ele>
      </trkpt>
      <trkpt lat="52.22837" lon="4.78078">
        <ele>-2.01</ele>
      </trkpt>
      <trkpt lat="52.228428" lon="4.781017">
        <ele>-2</ele>
      </trkpt>
      <trkpt lat="52.228464" lon="4.781223">
        <ele>-2</ele>
      </trkpt>
      <trkpt lat="52.228488" lon="4.781639">
        <ele>-1.99</ele>
      </trkpt>
      <trkpt lat="52.228532" lon="4.782738">
        <ele>-1.35</ele>
      </trkpt>
      <trkpt lat="52.228543" lon="4.783033">
        <ele>-1.26</ele>
      </trkpt>
      <trkpt lat="52.228539" lon="4.783207">
        <ele>-1.22</ele>
      </trkpt>
      <trkpt lat="52.228505" lon="4.78343">
        <ele>-1.2</ele>
      </trkpt>
      <trkpt lat="52.228456" lon="4.783522">
        <ele>-1.22</ele>
      </trkpt>
      <trkpt lat="52.22837" lon="4.783787">
        <ele>-1.17</ele>
      </trkpt>
      <trkpt lat="52.22833" lon="4.783948">
        <ele>-1.1</ele>
      </trkpt>
      <trkpt lat="52.228483" lon="4.784049">
        <ele>-1.03</ele>
      </trkpt>
      <trkpt lat="52.22854" lon="4.784063">
        <ele>-1.02</ele>
      </trkpt>
      <trkpt lat="52.228635" lon="4.784131">
        <ele>-1</ele>
      </trkpt>
      <trkpt lat="52.228963" lon="4.784315">
        <ele>-0.38</ele>
      </trkpt>
      <trkpt lat="52.228912" lon="4.784568">
        <ele>-0.5</ele>
      </trkpt>
      <trkpt lat="52.228894" lon="4.784687">
        <ele>-0.55</ele>
      </trkpt>
      <trkpt lat="52.228891" lon="4.784808">
        <ele>-0.55</ele>
      </trkpt>
      <trkpt lat="52.228762" lon="4.785572">
        <ele>-0.23</ele>
      </trkpt>
      <trkpt lat="52.2287" lon="4.785818">
        <ele>-0.01</ele>
      </trkpt>
      <trkpt lat="52.228647" lon="4.785962">
        <ele>-0.07</ele>
      </trkpt>
      <trkpt lat="52.22859" lon="4.786085">
        <ele>-0.14</ele>
      </trkpt>
      <trkpt lat="52.228394" lon="4.786423">
        <ele>-0.37</ele>
      </trkpt>
      <trkpt lat="52.228293" lon="4.78663">
        <ele>-0.49</ele>
      </trkpt>
      <trkpt lat="52.228232" lon="4.786784">
        <ele>-0.54</ele>
      </trkpt>
      <trkpt lat="52.228175" lon="4.786961">
        <ele>-0.53</ele>
      </trkpt>
      <trkpt lat="52.228147" lon="4.787108">
        <ele>-0.48</ele>
      </trkpt>
      <trkpt lat="52.228118" lon="4.787431">
        <ele>-0.31</ele>
      </trkpt>
      <trkpt lat="52.228124" lon="4.787679">
        <ele>-0.3</ele>
      </trkpt>
      <trkpt lat="52.228173" lon="4.788424">
        <ele>-0.4</ele>
      </trkpt>
      <trkpt lat="52.228186" lon="4.788891">
        <ele>-0.55</ele>
      </trkpt>
      <trkpt lat="52.228144" lon="4.78935">
        <ele>-0.67</ele>
      </trkpt>
      <trkpt lat="52.228063" lon="4.789807">
        <ele>-0.77</ele>
      </trkpt>
      <trkpt lat="52.227262" lon="4.793037">
        <ele>-1.23</ele>
      </trkpt>
      <trkpt lat="52.227165" lon="4.793509">
        <ele>-0.79</ele>
      </trkpt>
      <trkpt lat="52.227043" lon="4.794269">
        <ele>-0.17</ele>
      </trkpt>
      <trkpt lat="52.22698" lon="4.794808">
        <ele>-0.82</ele>
      </trkpt>
      <trkpt lat="52.226915" lon="4.795663">
        <ele>-1.71</ele>
      </trkpt>
      <trkpt lat="52.226899" lon="4.796475">
        <ele>-1.83</ele>
      </trkpt>
      <trkpt lat="52.226927" lon="4.79778">
        <ele>-1.87</ele>
      </trkpt>
      <trkpt lat="52.226991" lon="4.798791">
        <ele>-1.42</ele>
      </trkpt>
      <trkpt lat="52.227054" lon="4.799388">
        <ele>-1.03</ele>
      </trkpt>
      <trkpt lat="52.227082" lon="4.799746">
        <ele>-1.07</ele>
      </trkpt>
      <trkpt lat="52.227109" lon="4.800922">
        <ele>-1</ele>
      </trkpt>
      <trkpt lat="52.227122" lon="4.801123">
        <ele>-1</ele>
      </trkpt>
      <trkpt lat="52.227174" lon="4.80143">
        <ele>-1</ele>
      </trkpt>
      <trkpt lat="52.227558" lon="4.802772">
        <ele>-0.62</ele>
      </trkpt>
      <trkpt lat="52.227847" lon="4.803713">
        <ele>-0.51</ele>
      </trkpt>
      <trkpt lat="52.228013" lon="4.804387">
        <ele>-0.46</ele>
      </trkpt>
      <trkpt lat="52.228236" lon="4.805195">
        <ele>-0.64</ele>
      </trkpt>
      <trkpt lat="52.228279" lon="4.805404">
        <ele>-0.47</ele>
      </trkpt>
      <trkpt lat="52.228289" lon="4.8055">
        <ele>-0.36</ele>
      </trkpt>
      <trkpt lat="52.228287" lon="4.80578">
        <ele>-0.03</ele>
      </trkpt>
      <trkpt lat="52.228263" lon="4.806042">
        <ele>-0.15</ele>
      </trkpt>
      <trkpt lat="52.228191" lon="4.806364">
        <ele>-0.42</ele>
      </trkpt>
      <trkpt lat="52.228075" lon="4.806639">
        <ele>-0.76</ele>
      </trkpt>
      <trkpt lat="52.227718" lon="4.807247">
        <ele>-2.05</ele>
      </trkpt>
      <trkpt lat="52.227599" lon="4.807469">
        <ele>-2.65</ele>
      </trkpt>
      <trkpt lat="52.227534" lon="4.807634">
        <ele>-2.81</ele>
      </trkpt>
      <trkpt lat="52.227459" lon="4.807891">
        <ele>-2.99</ele>
      </trkpt>
      <trkpt lat="52.227389" lon="4.80819">
        <ele>-3.16</ele>
      </trkpt>
      <trkpt lat="52.227357" lon="4.808436">
        <ele>-3.2</ele>
      </trkpt>
      <trkpt lat="52.227344" lon="4.808649">
        <ele>-3.16</ele>
      </trkpt>
      <trkpt lat="52.227338" lon="4.80892">
        <ele>-3.07</ele>
      </trkpt>
      <trkpt lat="52.22741" lon="4.81144">
        <ele>-1.55</ele>
      </trkpt>
      <trkpt lat="52.227426" lon="4.81164">
        <ele>-1.53</ele>
      </trkpt>
      <trkpt lat="52.22744" lon="4.811711">
        <ele>-1.52</ele>
      </trkpt>
      <trkpt lat="52.227649" lon="4.812255">
        <ele>-1.27</ele>
      </trkpt>
      <trkpt lat="52.227696" lon="4.812445">
        <ele>-1.21</ele>
      </trkpt>
      <trkpt lat="52.227703" lon="4.812857">
        <ele>-1.2</ele>
      </trkpt>
      <trkpt lat="52.227693" lon="4.812928">
        <ele>-1.22</ele>
      </trkpt>
      <trkpt lat="52.227669" lon="4.813013">
        <ele>-1.24</ele>
      </trkpt>
      <trkpt lat="52.22763" lon="4.813109">
        <ele>-1.29</ele>
      </trkpt>
      <trkpt lat="52.227511" lon="4.813356">
        <ele>-1.4</ele>
      </trkpt>
      <trkpt lat="52.227468" lon="4.813478">
        <ele>-1.37</ele>
      </trkpt>
      <trkpt lat="52.227456" lon="4.813541">
        <ele>-1.35</ele>
      </trkpt>
      <trkpt lat="52.227449" lon="4.81374">
        <ele>-1.25</ele>
      </trkpt>
      <trkpt lat="52.227474" lon="4.814197">
        <ele>-0.88</ele>
      </trkpt>
      <trkpt lat="52.227494" lon="4.814319">
        <ele>-0.68</ele>
      </trkpt>
      <trkpt lat="52.227562" lon="4.814623">
        <ele>-0.16</ele>
      </trkpt>
      <trkpt lat="52.227779" lon="4.815467">
        <ele>1.97</ele>
      </trkpt>
      <trkpt lat="52.227825" lon="4.815632">
        <ele>2.48</ele>
      </trkpt>
      <trkpt lat="52.227883" lon="4.815807">
        <ele>2.98</ele>
      </trkpt>
      <trkpt lat="52.228011" lon="4.816065">
        <ele>2.57</ele>
      </trkpt>
      <trkpt lat="52.228459" lon="4.816825">
        <ele>1.71</ele>
      </trkpt>
      <trkpt lat="52.22854" lon="4.816991">
        <ele>1.49</ele>
      </trkpt>
      <trkpt lat="52.228637" lon="4.817221">
        <ele>1.24</ele>
      </trkpt>
      <trkpt lat="52.229176" lon="4.818774">
        <ele>0.68</ele>
      </trkpt>
      <trkpt lat="52.229221" lon="4.81894">
        <ele>0.53</ele>
      </trkpt>
      <trkpt lat="52.229243" lon="4.819056">
        <ele>0.42</ele>
      </trkpt>
      <trkpt lat="52.229271" lon="4.819339">
        <ele>0.32</ele>
      </trkpt>
      <trkpt lat="52.229272" lon="4.819563">
        <ele>0.32</ele>
      </trkpt>
      <trkpt lat="52.22925" lon="4.81987">
        <ele>0.35</ele>
      </trkpt>
      <trkpt lat="52.229214" lon="4.820185">
        <ele>0.29</ele>
      </trkpt>
      <trkpt lat="52.229201" lon="4.820435">
        <ele>0.18</ele>
      </trkpt>
      <trkpt lat="52.229211" lon="4.820651">
        <ele>0.07</ele>
      </trkpt>
      <trkpt lat="52.229236" lon="4.820847">
        <ele>0</ele>
      </trkpt>
      <trkpt lat="52.229289" lon="4.821074">
        <ele>0</ele>
      </trkpt>
      <trkpt lat="52.229574" lon="4.821916">
        <ele>-0.04</ele>
      </trkpt>
      <trkpt lat="52.23001" lon="4.822971">
        <ele>-0.57</ele>
      </trkpt>
      <trkpt lat="52.230083" lon="4.82317">
        <ele>-0.65</ele>
      </trkpt>
      <trkpt lat="52.230132" lon="4.82335">
        <ele>-0.69</ele>
      </trkpt>
      <trkpt lat="52.230162" lon="4.823507">
        <ele>-0.63</ele>
      </trkpt>
      <trkpt lat="52.230188" lon="4.823719">
        <ele>-0.5</ele>
      </trkpt>
      <trkpt lat="52.230201" lon="4.82396">
        <ele>-0.33</ele>
      </trkpt>
      <trkpt lat="52.230213" lon="4.824047">
        <ele>-0.26</ele>
      </trkpt>
      <trkpt lat="52.23024" lon="4.824136">
        <ele>-0.16</ele>
      </trkpt>
      <trkpt lat="52.230314" lon="4.824245">
        <ele>-0.07</ele>
      </trkpt>
      <trkpt lat="52.230376" lon="4.824273">
        <ele>-0.01</ele>
      </trkpt>
      <trkpt lat="52.230623" lon="4.824267">
        <ele>-0.3</ele>
      </trkpt>
      <trkpt lat="52.230813" lon="4.824279">
        <ele>-0.53</ele>
      </trkpt>
      <trkpt lat="52.231883" lon="4.824765">
        <ele>-0.19</ele>
      </trkpt>
      <trkpt lat="52.231859" lon="4.824945">
        <ele>-0.22</ele>
      </trkpt>
      <trkpt lat="52.231879" lon="4.825049">
        <ele>-0.27</ele>
      </trkpt>
      <trkpt lat="52.23248" lon="4.826773">
        <ele>-0.47</ele>
      </trkpt>
      <trkpt lat="52.232527" lon="4.827053">
        <ele>-0.41</ele>
      </trkpt>
      <trkpt lat="52.232589" lon="4.82719">
        <ele>-0.34</ele>
      </trkpt>
      <trkpt lat="52.233453" lon="4.828603">
        <ele>1.36</ele>
      </trkpt>
      <trkpt lat="52.233437" lon="4.828646">
        <ele>1.41</ele>
      </trkpt>
      <trkpt lat="52.233428" lon="4.828714">
        <ele>1.49</ele>
      </trkpt>
      <trkpt lat="52.233433" lon="4.828782">
        <ele>1.57</ele>
      </trkpt>
      <trkpt lat="52.233453" lon="4.828843">
        <ele>1.65</ele>
      </trkpt>
      <trkpt lat="52.233471" lon="4.828873">
        <ele>1.68</ele>
      </trkpt>
      <trkpt lat="52.233517" lon="4.82891">
        <ele>1.73</ele>
      </trkpt>
      <trkpt lat="52.233567" lon="4.828912">
        <ele>1.73</ele>
      </trkpt>
      <trkpt lat="52.233599" lon="4.828895">
        <ele>1.71</ele>
      </trkpt>
      <trkpt lat="52.233632" lon="4.828965">
        <ele>1.79</ele>
      </trkpt>
      <trkpt lat="52.23373" lon="4.829128">
        <ele>1.87</ele>
      </trkpt>
      <trkpt lat="52.233943" lon="4.829576">
        <ele>0.48</ele>
      </trkpt>
      <trkpt lat="52.234004" lon="4.829719">
        <ele>0.12</ele>
      </trkpt>
      <trkpt lat="52.234077" lon="4.829933">
        <ele>-0.31</ele>
      </trkpt>
      <trkpt lat="52.234513" lon="4.830982">
        <ele>-1.94</ele>
      </trkpt>
      <trkpt lat="52.234526" lon="4.831069">
        <ele>-1.97</ele>
      </trkpt>
      <trkpt lat="52.234664" lon="4.831397">
        <ele>-2.19</ele>
      </trkpt>
      <trkpt lat="52.234721" lon="4.83149">
        <ele>-2.26</ele>
      </trkpt>
      <trkpt lat="52.235324" lon="4.832995">
        <ele>-1.32</ele>
      </trkpt>
      <trkpt lat="52.235426" lon="4.833089">
        <ele>-1.45</ele>
      </trkpt>
      <trkpt lat="52.235545" lon="4.83317">
        <ele>-1.78</ele>
      </trkpt>
      <trkpt lat="52.235666" lon="4.833235">
        <ele>-2.14</ele>
      </trkpt>
      <trkpt lat="52.235774" lon="4.833334">
        <ele>-2.41</ele>
      </trkpt>
      <trkpt lat="52.236226" lon="4.833788">
        <ele>-3.41</ele>
      </trkpt>
      <trkpt lat="52.236619" lon="4.834205">
        <ele>-2.96</ele>
      </trkpt>
      <trkpt lat="52.236865" lon="4.83452">
        <ele>-2.9</ele>
      </trkpt>
      <trkpt lat="52.23694" lon="4.834597">
        <ele>-2.93</ele>
      </trkpt>
      <trkpt lat="52.236939" lon="4.83466">
        <ele>-2.92</ele>
      </trkpt>
      <trkpt lat="52.23695" lon="4.834721">
        <ele>-2.92</ele>
      </trkpt>
      <trkpt lat="52.236971" lon="4.834774">
        <ele>-2.94</ele>
      </trkpt>
      <trkpt lat="52.237" lon="4.834815">
        <ele>-2.96</ele>
      </trkpt>
      <trkpt lat="52.237035" lon="4.834842">
        <ele>-2.99</ele>
      </trkpt>
      <trkpt lat="52.237073" lon="4.834851">
        <ele>-3.03</ele>
      </trkpt>
      <trkpt lat="52.237111" lon="4.834843">
        <ele>-3.07</ele>
      </trkpt>
      <trkpt lat="52.237146" lon="4.834817">
        <ele>-3.1</ele>
      </trkpt>
      <trkpt lat="52.237212" lon="4.8349">
        <ele>-3.19</ele>
      </trkpt>
      <trkpt lat="52.238829" lon="4.836567">
        <ele>-4.07</ele>
      </trkpt>
      <trkpt lat="52.239016" lon="4.836791">
        <ele>-3.89</ele>
      </trkpt>
      <trkpt lat="52.239011" lon="4.836858">
        <ele>-3.83</ele>
      </trkpt>
      <trkpt lat="52.239018" lon="4.836924">
        <ele>-3.79</ele>
      </trkpt>
      <trkpt lat="52.239036" lon="4.836984">
        <ele>-3.75</ele>
      </trkpt>
      <trkpt lat="52.239065" lon="4.837032">
        <ele>-3.73</ele>
      </trkpt>
      <trkpt lat="52.239101" lon="4.837065">
        <ele>-3.73</ele>
      </trkpt>
      <trkpt lat="52.239141" lon="4.837079">
        <ele>-3.75</ele>
      </trkpt>
      <trkpt lat="52.239182" lon="4.837073">
        <ele>-3.78</ele>
      </trkpt>
      <trkpt lat="52.23922" lon="4.837047">
        <ele>-3.81</ele>
      </trkpt>
      <trkpt lat="52.239321" lon="4.837209">
        <ele>-3.82</ele>
      </trkpt>
      <trkpt lat="52.239452" lon="4.837376">
        <ele>-3.91</ele>
      </trkpt>
      <trkpt lat="52.240878" lon="4.839634">
        <ele>-4</ele>
      </trkpt>
      <trkpt lat="52.24106" lon="4.839985">
        <ele>-4</ele>
      </trkpt>
      <trkpt lat="52.241044" lon="4.840043">
        <ele>-4</ele>
      </trkpt>
      <trkpt lat="52.241038" lon="4.840106">
        <ele>-4</ele>
      </trkpt>
      <trkpt lat="52.241043" lon="4.840169">
        <ele>-4</ele>
      </trkpt>
      <trkpt lat="52.241059" lon="4.840227">
        <ele>-4</ele>
      </trkpt>
      <trkpt lat="52.241082" lon="4.840273">
        <ele>-4</ele>
      </trkpt>
      <trkpt lat="52.241112" lon="4.840308">
        <ele>-4</ele>
      </trkpt>
      <trkpt lat="52.241146" lon="4.840329">
        <ele>-4</ele>
      </trkpt>
      <trkpt lat="52.241182" lon="4.840335">
        <ele>-4</ele>
      </trkpt>
      <trkpt lat="52.241218" lon="4.840325">
        <ele>-3.98</ele>
      </trkpt>
      <trkpt lat="52.241251" lon="4.840301">
        <ele>-3.93</ele>
      </trkpt>
      <trkpt lat="52.241548" lon="4.840677">
        <ele>-3.24</ele>
      </trkpt>
      <trkpt lat="52.241933" lon="4.841264">
        <ele>-2.26</ele>
      </trkpt>
      <trkpt lat="52.243349" lon="4.843491">
        <ele>-2.66</ele>
      </trkpt>
      <trkpt lat="52.243793" lon="4.844227">
        <ele>-2.9</ele>
      </trkpt>
      <trkpt lat="52.243781" lon="4.844298">
        <ele>-2.91</ele>
      </trkpt>
      <trkpt lat="52.243785" lon="4.844372">
        <ele>-2.91</ele>
      </trkpt>
      <trkpt lat="52.243802" lon="4.84444">
        <ele>-2.89</ele>
      </trkpt>
      <trkpt lat="52.243709" lon="4.844594">
        <ele>-3</ele>
      </trkpt>
      <trkpt lat="52.243672" lon="4.844726">
        <ele>-3</ele>
      </trkpt>
      <trkpt lat="52.243034" lon="4.845801">
        <ele>-3.99</ele>
      </trkpt>
      <trkpt lat="52.242764" lon="4.846266">
        <ele>-4.13</ele>
      </trkpt>
      <trkpt lat="52.242665" lon="4.846419">
        <ele>-4.25</ele>
      </trkpt>
      <trkpt lat="52.24261" lon="4.846481">
        <ele>-4.32</ele>
      </trkpt>
      <trkpt lat="52.242455" lon="4.846532">
        <ele>-4.5</ele>
      </trkpt>
      <trkpt lat="52.242382" lon="4.846575">
        <ele>-4.59</ele>
      </trkpt>
      <trkpt lat="52.242315" lon="4.846664">
        <ele>-4.66</ele>
      </trkpt>
      <trkpt lat="52.242002" lon="4.847218">
        <ele>-4.22</ele>
      </trkpt>
      <trkpt lat="52.24196" lon="4.847331">
        <ele>-3.98</ele>
      </trkpt>
      <trkpt lat="52.241986" lon="4.847443">
        <ele>-3.91</ele>
      </trkpt>
      <trkpt lat="52.243224" lon="4.849357">
        <ele>-4.33</ele>
      </trkpt>
      <trkpt lat="52.243234" lon="4.849418">
        <ele>-4.18</ele>
      </trkpt>
      <trkpt lat="52.243231" lon="4.8495">
        <ele>-4.04</ele>
      </trkpt>
      <trkpt lat="52.24319" lon="4.849635">
        <ele>-3.9</ele>
      </trkpt>
      <trkpt lat="52.242816" lon="4.850469">
        <ele>-2.12</ele>
      </trkpt>
      <trkpt lat="52.242605" lon="4.850917">
        <ele>-0.55</ele>
      </trkpt>
      <trkpt lat="52.242476" lon="4.851103">
        <ele>-0.17</ele>
      </trkpt>
      <trkpt lat="52.242505" lon="4.85118">
        <ele>-0.11</ele>
      </trkpt>
      <trkpt lat="52.242519" lon="4.851266">
        <ele>-0.03</ele>
      </trkpt>
      <trkpt lat="52.242512" lon="4.851394">
        <ele>0.14</ele>
      </trkpt>
      <trkpt lat="52.242443" lon="4.852018">
        <ele>0.97</ele>
      </trkpt>
      <trkpt lat="52.242392" lon="4.85237">
        <ele>1.45</ele>
      </trkpt>
      <trkpt lat="52.242218" lon="4.853318">
        <ele>0.77</ele>
      </trkpt>
      <trkpt lat="52.242184" lon="4.853731">
        <ele>-0.1</ele>
      </trkpt>
      <trkpt lat="52.242206" lon="4.853926">
        <ele>-0.53</ele>
      </trkpt>
      <trkpt lat="52.242289" lon="4.85418">
        <ele>-1</ele>
      </trkpt>
      <trkpt lat="52.242453" lon="4.854435">
        <ele>-1</ele>
      </trkpt>
      <trkpt lat="52.242554" lon="4.854553">
        <ele>-1</ele>
      </trkpt>
      <trkpt lat="52.242661" lon="4.854626">
        <ele>-1</ele>
      </trkpt>
      <trkpt lat="52.24308" lon="4.8547">
        <ele>-1.49</ele>
      </trkpt>
      <trkpt lat="52.24403" lon="4.854806">
        <ele>-2.38</ele>
      </trkpt>
      <trkpt lat="52.2452" lon="4.85477">
        <ele>-1.89</ele>
      </trkpt>
      <trkpt lat="52.24559" lon="4.854793">
        <ele>-2.26</ele>
      </trkpt>
      <trkpt lat="52.245803" lon="4.854873">
        <ele>-2.52</ele>
      </trkpt>
      <trkpt lat="52.245962" lon="4.854945">
        <ele>-2.71</ele>
      </trkpt>
      <trkpt lat="52.246033" lon="4.855">
        <ele>-2.78</ele>
      </trkpt>
      <trkpt lat="52.246156" lon="4.855131">
        <ele>-2.93</ele>
      </trkpt>
      <trkpt lat="52.246261" lon="4.8553">
        <ele>-2.97</ele>
      </trkpt>
      <trkpt lat="52.24633" lon="4.855432">
        <ele>-2.92</ele>
      </trkpt>
      <trkpt lat="52.246545" lon="4.856166">
        <ele>-2.6</ele>
      </trkpt>
      <trkpt lat="52.246602" lon="4.856276">
        <ele>-2.53</ele>
      </trkpt>
      <trkpt lat="52.24666" lon="4.85635">
        <ele>-2.46</ele>
      </trkpt>
      <trkpt lat="52.246754" lon="4.85643">
        <ele>-2.34</ele>
      </trkpt>
      <trkpt lat="52.246854" lon="4.856476">
        <ele>-2.22</ele>
      </trkpt>
      <trkpt lat="52.247287" lon="4.856475">
        <ele>-2.29</ele>
      </trkpt>
      <trkpt lat="52.247409" lon="4.856498">
        <ele>-2.44</ele>
      </trkpt>
      <trkpt lat="52.247697" lon="4.856621">
        <ele>-2.79</ele>
      </trkpt>
      <trkpt lat="52.247904" lon="4.856786">
        <ele>-3.03</ele>
      </trkpt>
      <trkpt lat="52.247959" lon="4.856844">
        <ele>-3.08</ele>
      </trkpt>
      <trkpt lat="52.248041" lon="4.856965">
        <ele>-3.12</ele>
      </trkpt>
      <trkpt lat="52.248088" lon="4.857058">
        <ele>-3.13</ele>
      </trkpt>
      <trkpt lat="52.24812" lon="4.857155">
        <ele>-3.11</ele>
      </trkpt>
      <trkpt lat="52.248145" lon="4.8573">
        <ele>-3.07</ele>
      </trkpt>
      <trkpt lat="52.248154" lon="4.857447">
        <ele>-3.01</ele>
      </trkpt>
      <trkpt lat="52.24815" lon="4.857625">
        <ele>-2.82</ele>
      </trkpt>
      <trkpt lat="52.248102" lon="4.858162">
        <ele>-2.18</ele>
      </trkpt>
      <trkpt lat="52.24805" lon="4.858586">
        <ele>-1.67</ele>
      </trkpt>
      <trkpt lat="52.248037" lon="4.85882">
        <ele>-1.39</ele>
      </trkpt>
      <trkpt lat="52.248042" lon="4.858977">
        <ele>-1.2</ele>
      </trkpt>
      <trkpt lat="52.248057" lon="4.859088">
        <ele>-1.07</ele>
      </trkpt>
      <trkpt lat="52.248164" lon="4.859492">
        <ele>-1</ele>
      </trkpt>
      <trkpt lat="52.248554" lon="4.860616">
        <ele>-1.77</ele>
      </trkpt>
      <trkpt lat="52.248609" lon="4.86073">
        <ele>-1.9</ele>
      </trkpt>
      <trkpt lat="52.248973" lon="4.861379">
        <ele>-2.32</ele>
      </trkpt>
      <trkpt lat="52.249106" lon="4.861698">
        <ele>-2.45</ele>
      </trkpt>
      <trkpt lat="52.249255" lon="4.862121">
        <ele>-2.28</ele>
      </trkpt>
      <trkpt lat="52.249472" lon="4.862841">
        <ele>-2</ele>
      </trkpt>
      <trkpt lat="52.249538" lon="4.863021">
        <ele>-2</ele>
      </trkpt>
      <trkpt lat="52.250171" lon="4.864167">
        <ele>-1.76</ele>
      </trkpt>
      <trkpt lat="52.250311" lon="4.864362">
        <ele>-1.92</ele>
      </trkpt>
      <trkpt lat="52.250723" lon="4.864858">
        <ele>-2.42</ele>
      </trkpt>
      <trkpt lat="52.250796" lon="4.864968">
        <ele>-2.41</ele>
      </trkpt>
      <trkpt lat="52.251023" lon="4.865308">
        <ele>-2.38</ele>
      </trkpt>
      <trkpt lat="52.251338" lon="4.865867">
        <ele>-2.08</ele>
      </trkpt>
      <trkpt lat="52.251417" lon="4.866089">
        <ele>-1.83</ele>
      </trkpt>
      <trkpt lat="52.251484" lon="4.866374">
        <ele>-1.43</ele>
      </trkpt>
      <trkpt lat="52.251572" lon="4.867188">
        <ele>-0.06</ele>
      </trkpt>
      <trkpt lat="52.251642" lon="4.867565">
        <ele>0.52</ele>
      </trkpt>
      <trkpt lat="52.251803" lon="4.868272">
        <ele>0.71</ele>
      </trkpt>
      <trkpt lat="52.251833" lon="4.868355">
        <ele>0.72</ele>
      </trkpt>
      <trkpt lat="52.251904" lon="4.868492">
        <ele>0.69</ele>
      </trkpt>
      <trkpt lat="52.252018" lon="4.86858">
        <ele>0.67</ele>
      </trkpt>
      <trkpt lat="52.252582" lon="4.868918">
        <ele>-0.73</ele>
      </trkpt>
      <trkpt lat="52.252959" lon="4.869193">
        <ele>-0.99</ele>
      </trkpt>
      <trkpt lat="52.253251" lon="4.869427">
        <ele>-0.85</ele>
      </trkpt>
      <trkpt lat="52.25341" lon="4.869569">
        <ele>-0.67</ele>
      </trkpt>
      <trkpt lat="52.253517" lon="4.869629">
        <ele>-0.55</ele>
      </trkpt>
      <trkpt lat="52.254041" lon="4.869724">
        <ele>-0.98</ele>
      </trkpt>
      <trkpt lat="52.254192" lon="4.869771">
        <ele>-1.26</ele>
      </trkpt>
      <trkpt lat="52.254383" lon="4.869858">
        <ele>-1.65</ele>
      </trkpt>
      <trkpt lat="52.254518" lon="4.869932">
        <ele>-1.94</ele>
      </trkpt>
      <trkpt lat="52.254789" lon="4.870138">
        <ele>-2.1</ele>
      </trkpt>
      <trkpt lat="52.255034" lon="4.870341">
        <ele>-2.16</ele>
      </trkpt>
      <trkpt lat="52.255513" lon="4.870765">
        <ele>-2.06</ele>
      </trkpt>
      <trkpt lat="52.255946" lon="4.871174">
        <ele>-1.7</ele>
      </trkpt>
      <trkpt lat="52.256179" lon="4.871509">
        <ele>-1.19</ele>
      </trkpt>
      <trkpt lat="52.25625" lon="4.871592">
        <ele>-1.06</ele>
      </trkpt>
      <trkpt lat="52.256593" lon="4.871905">
        <ele>-0.52</ele>
      </trkpt>
      <trkpt lat="52.257483" lon="4.872687">
        <ele>-1.04</ele>
      </trkpt>
      <trkpt lat="52.257848" lon="4.872942">
        <ele>-1.41</ele>
      </trkpt>
      <trkpt lat="52.258185" lon="4.873079">
        <ele>-1.18</ele>
      </trkpt>
      <trkpt lat="52.25838" lon="4.87311">
        <ele>-1.1</ele>
      </trkpt>
      <trkpt lat="52.258476" lon="4.873113">
        <ele>-1.07</ele>
      </trkpt>
      <trkpt lat="52.258588" lon="4.87309">
        <ele>-1.04</ele>
      </trkpt>
      <trkpt lat="52.25879" lon="4.873023">
        <ele>-0.81</ele>
      </trkpt>
      <trkpt lat="52.258978" lon="4.872936">
        <ele>-0.36</ele>
      </trkpt>
      <trkpt lat="52.259771" lon="4.872529">
        <ele>0.98</ele>
      </trkpt>
      <trkpt lat="52.25988" lon="4.872508">
        <ele>0.99</ele>
      </trkpt>
      <trkpt lat="52.259982" lon="4.872523">
        <ele>0.97</ele>
      </trkpt>
      <trkpt lat="52.260232" lon="4.872604">
        <ele>0.88</ele>
      </trkpt>
      <trkpt lat="52.260521" lon="4.872742">
        <ele>0.74</ele>
      </trkpt>
      <trkpt lat="52.26068" lon="4.87286">
        <ele>0.71</ele>
      </trkpt>
      <trkpt lat="52.260956" lon="4.873111">
        <ele>0.77</ele>
      </trkpt>
      <trkpt lat="52.261034" lon="4.873201">
        <ele>0.82</ele>
      </trkpt>
      <trkpt lat="52.261126" lon="4.873353">
        <ele>0.94</ele>
      </trkpt>
      <trkpt lat="52.261209" lon="4.873511">
        <ele>1.24</ele>
      </trkpt>
      <trkpt lat="52.261312" lon="4.87376">
        <ele>1.35</ele>
      </trkpt>
      <trkpt lat="52.261341" lon="4.873855">
        <ele>1.39</ele>
      </trkpt>
      <trkpt lat="52.261384" lon="4.874051">
        <ele>1.49</ele>
      </trkpt>
      <trkpt lat="52.261411" lon="4.87427">
        <ele>1.41</ele>
      </trkpt>
      <trkpt lat="52.261417" lon="4.874432">
        <ele>1.25</ele>
      </trkpt>
      <trkpt lat="52.261396" lon="4.875331">
        <ele>0.12</ele>
      </trkpt>
      <trkpt lat="52.261397" lon="4.87562">
        <ele>-0.42</ele>
      </trkpt>
      <trkpt lat="52.261406" lon="4.875888">
        <ele>-0.79</ele>
      </trkpt>
      <trkpt lat="52.261442" lon="4.876401">
        <ele>-0.92</ele>
      </trkpt>
      <trkpt lat="52.261541" lon="4.877289">
        <ele>-1.77</ele>
      </trkpt>
      <trkpt lat="52.26165" lon="4.877875">
        <ele>-1.75</ele>
      </trkpt>
      <trkpt lat="52.261728" lon="4.878174">
        <ele>-1.48</ele>
      </trkpt>
      <trkpt lat="52.261773" lon="4.878317">
        <ele>-1.32</ele>
      </trkpt>
      <trkpt lat="52.261942" lon="4.878704">
        <ele>-0.71</ele>
      </trkpt>
      <trkpt lat="52.262031" lon="4.878864">
        <ele>-0.36</ele>
      </trkpt>
      <trkpt lat="52.262482" lon="4.879597">
        <ele>-0.53</ele>
      </trkpt>
      <trkpt lat="52.262635" lon="4.879829">
        <ele>-0.71</ele>
      </trkpt>
      <trkpt lat="52.262957" lon="4.880278">
        <ele>-1.16</ele>
      </trkpt>
      <trkpt lat="52.263771" lon="4.881566">
        <ele>-2</ele>
      </trkpt>
      <trkpt lat="52.263866" lon="4.881682">
        <ele>-1.96</ele>
      </trkpt>
      <trkpt lat="52.263949" lon="4.881755">
        <ele>-1.87</ele>
      </trkpt>
      <trkpt lat="52.264087" lon="4.881854">
        <ele>-1.75</ele>
      </trkpt>
      <trkpt lat="52.264182" lon="4.881899">
        <ele>-1.7</ele>
      </trkpt>
      <trkpt lat="52.264287" lon="4.881917">
        <ele>-1.68</ele>
      </trkpt>
      <trkpt lat="52.264387" lon="4.881919">
        <ele>-1.67</ele>
      </trkpt>
      <trkpt lat="52.264512" lon="4.881891">
        <ele>-1.71</ele>
      </trkpt>
      <trkpt lat="52.264608" lon="4.88184">
        <ele>-1.67</ele>
      </trkpt>
      <trkpt lat="52.264716" lon="4.881762">
        <ele>-1.63</ele>
      </trkpt>
      <trkpt lat="52.264904" lon="4.881567">
        <ele>-1.65</ele>
      </trkpt>
      <trkpt lat="52.265198" lon="4.881174">
        <ele>-2.1</ele>
      </trkpt>
      <trkpt lat="52.265411" lon="4.880856">
        <ele>-2.86</ele>
      </trkpt>
      <trkpt lat="52.266075" lon="4.879812">
        <ele>-3.16</ele>
      </trkpt>
      <trkpt lat="52.266142" lon="4.879713">
        <ele>-3.08</ele>
      </trkpt>
      <trkpt lat="52.26623" lon="4.879611">
        <ele>-3</ele>
      </trkpt>
      <trkpt lat="52.266522" lon="4.879338">
        <ele>-3</ele>
      </trkpt>
      <trkpt lat="52.266601" lon="4.87927">
        <ele>-3</ele>
      </trkpt>
      <trkpt lat="52.266704" lon="4.879202">
        <ele>-3</ele>
      </trkpt>
      <trkpt lat="52.266931" lon="4.879085">
        <ele>-3.07</ele>
      </trkpt>
      <trkpt lat="52.267023" lon="4.879056">
        <ele>-3.11</ele>
      </trkpt>
      <trkpt lat="52.267233" lon="4.879026">
        <ele>-2.95</ele>
      </trkpt>
      <trkpt lat="52.26752" lon="4.879055">
        <ele>-2.6</ele>
      </trkpt>
      <trkpt lat="52.267775" lon="4.879191">
        <ele>-2.12</ele>
      </trkpt>
      <trkpt lat="52.267953" lon="4.879306">
        <ele>-2.16</ele>
      </trkpt>
      <trkpt lat="52.268483" lon="4.879705">
        <ele>-2.97</ele>
      </trkpt>
      <trkpt lat="52.268699" lon="4.879838">
        <ele>-3.15</ele>
      </trkpt>
      <trkpt lat="52.26881" lon="4.87988">
        <ele>-3.12</ele>
      </trkpt>
      <trkpt lat="52.269176" lon="4.879973">
        <ele>-3.01</ele>
      </trkpt>
      <trkpt lat="52.269687" lon="4.880072">
        <ele>-3.04</ele>
      </trkpt>
      <trkpt lat="52.270127" lon="4.880173">
        <ele>-3.3</ele>
      </trkpt>
      <trkpt lat="52.270512" lon="4.88031">
        <ele>-3.24</ele>
      </trkpt>
      <trkpt lat="52.270726" lon="4.880442">
        <ele>-3.17</ele>
      </trkpt>
      <trkpt lat="52.271247" lon="4.88084">
        <ele>-3.89</ele>
      </trkpt>
      <trkpt lat="52.271423" lon="4.880987">
        <ele>-3.34</ele>
      </trkpt>
      <trkpt lat="52.271604" lon="4.881099">
        <ele>-2.88</ele>
      </trkpt>
      <trkpt lat="52.27167" lon="4.881129">
        <ele>-2.73</ele>
      </trkpt>
      <trkpt lat="52.271725" lon="4.881157">
        <ele>-2.61</ele>
      </trkpt>
      <trkpt lat="52.271891" lon="4.88119">
        <ele>-2.29</ele>
      </trkpt>
      <trkpt lat="52.272054" lon="4.881171">
        <ele>-2.01</ele>
      </trkpt>
      <trkpt lat="52.272215" lon="4.881108">
        <ele>-2.2</ele>
      </trkpt>
      <trkpt lat="52.27269" lon="4.88086">
        <ele>-2.77</ele>
      </trkpt>
      <trkpt lat="52.272858" lon="4.880793">
        <ele>-3</ele>
      </trkpt>
      <trkpt lat="52.273123" lon="4.880752">
        <ele>-3.07</ele>
      </trkpt>
      <trkpt lat="52.27324" lon="4.88076">
        <ele>-3.06</ele>
      </trkpt>
      <trkpt lat="52.273426" lon="4.880803">
        <ele>-3.01</ele>
      </trkpt>
      <trkpt lat="52.27429" lon="4.881178">
        <ele>-2.56</ele>
      </trkpt>
      <trkpt lat="52.27445" lon="4.88123">
        <ele>-2.5</ele>
      </trkpt>
      <trkpt lat="52.274662" lon="4.881249">
        <ele>-2.54</ele>
      </trkpt>
      <trkpt lat="52.274797" lon="4.881229">
        <ele>-2.65</ele>
      </trkpt>
      <trkpt lat="52.275137" lon="4.8811">
        <ele>-3.12</ele>
      </trkpt>
      <trkpt lat="52.275402" lon="4.880937">
        <ele>-3.63</ele>
      </trkpt>
      <trkpt lat="52.275597" lon="4.880773">
        <ele>-3.23</ele>
      </trkpt>
      <trkpt lat="52.275767" lon="4.880604">
        <ele>-2.72</ele>
      </trkpt>
      <trkpt lat="52.276301" lon="4.879928">
        <ele>-2.16</ele>
      </trkpt>
      <trkpt lat="52.276676" lon="4.879516">
        <ele>-2.8</ele>
      </trkpt>
      <trkpt lat="52.277124" lon="4.879066">
        <ele>-3</ele>
      </trkpt>
      <trkpt lat="52.27745" lon="4.878785">
        <ele>-2.95</ele>
      </trkpt>
      <trkpt lat="52.277551" lon="4.878709">
        <ele>-2.92</ele>
      </trkpt>
      <trkpt lat="52.277758" lon="4.878592">
        <ele>-2.81</ele>
      </trkpt>
      <trkpt lat="52.278459" lon="4.878345">
        <ele>-2.29</ele>
      </trkpt>
      <trkpt lat="52.278669" lon="4.878293">
        <ele>-2.05</ele>
      </trkpt>
      <trkpt lat="52.278809" lon="4.878276">
        <ele>-2</ele>
      </trkpt>
      <trkpt lat="52.27899" lon="4.8783">
        <ele>-2</ele>
      </trkpt>
      <trkpt lat="52.27916" lon="4.878357">
        <ele>-1.97</ele>
      </trkpt>
      <trkpt lat="52.27946" lon="4.878545">
        <ele>-1.75</ele>
      </trkpt>
      <trkpt lat="52.279833" lon="4.878865">
        <ele>-1.68</ele>
      </trkpt>
      <trkpt lat="52.280371" lon="4.879398">
        <ele>-1.99</ele>
      </trkpt>
      <trkpt lat="52.280771" lon="4.879827">
        <ele>-2.47</ele>
      </trkpt>
      <trkpt lat="52.28111" lon="4.880236">
        <ele>-2.87</ele>
      </trkpt>
      <trkpt lat="52.282238" lon="4.881737">
        <ele>-2.81</ele>
      </trkpt>
      <trkpt lat="52.282653" lon="4.882299">
        <ele>-2</ele>
      </trkpt>
      <trkpt lat="52.282834" lon="4.882568">
        <ele>-1.94</ele>
      </trkpt>
      <trkpt lat="52.283153" lon="4.882998">
        <ele>-2</ele>
      </trkpt>
      <trkpt lat="52.283516" lon="4.883427">
        <ele>-2</ele>
      </trkpt>
      <trkpt lat="52.284055" lon="4.883927">
        <ele>-2.11</ele>
      </trkpt>
      <trkpt lat="52.284235" lon="4.884074">
        <ele>-2.05</ele>
      </trkpt>
      <trkpt lat="52.28437" lon="4.884158">
        <ele>-2</ele>
      </trkpt>
      <trkpt lat="52.2848" lon="4.88433">
        <ele>-2.3</ele>
      </trkpt>
      <trkpt lat="52.285196" lon="4.884429">
        <ele>-2.78</ele>
      </trkpt>
      <trkpt lat="52.28557" lon="4.884539">
        <ele>-3.12</ele>
      </trkpt>
      <trkpt lat="52.285919" lon="4.884705">
        <ele>-3.21</ele>
      </trkpt>
      <trkpt lat="52.286104" lon="4.884812">
        <ele>-3.17</ele>
      </trkpt>
      <trkpt lat="52.286226" lon="4.884912">
        <ele>-3.08</ele>
      </trkpt>
      <trkpt lat="52.286392" lon="4.885075">
        <ele>-2.82</ele>
      </trkpt>
      <trkpt lat="52.286722" lon="4.885465">
        <ele>-2.55</ele>
      </trkpt>
      <trkpt lat="52.286835" lon="4.885562">
        <ele>-2.64</ele>
      </trkpt>
      <trkpt lat="52.288704" lon="4.886653">
        <ele>-1.97</ele>
      </trkpt>
      <trkpt lat="52.288902" lon="4.886729">
        <ele>-1.68</ele>
      </trkpt>
      <trkpt lat="52.288999" lon="4.886729">
        <ele>-1.56</ele>
      </trkpt>
      <trkpt lat="52.289097" lon="4.886713">
        <ele>-1.46</ele>
      </trkpt>
      <trkpt lat="52.289547" lon="4.886597">
        <ele>-1.06</ele>
      </trkpt>
      <trkpt lat="52.289785" lon="4.886616">
        <ele>-1.03</ele>
      </trkpt>
      <trkpt lat="52.289856" lon="4.886642">
        <ele>-1.01</ele>
      </trkpt>
      <trkpt lat="52.289909" lon="4.886668">
        <ele>-0.99</ele>
      </trkpt>
      <trkpt lat="52.289985" lon="4.886738">
        <ele>-0.95</ele>
      </trkpt>
      <trkpt lat="52.290085" lon="4.886828">
        <ele>-0.92</ele>
      </trkpt>
      <trkpt lat="52.290246" lon="4.887019">
        <ele>-0.93</ele>
      </trkpt>
      <trkpt lat="52.290383" lon="4.887214">
        <ele>-1</ele>
      </trkpt>
      <trkpt lat="52.290496" lon="4.887389">
        <ele>-1.26</ele>
      </trkpt>
      <trkpt lat="52.290636" lon="4.887673">
        <ele>-1.7</ele>
      </trkpt>
      <trkpt lat="52.290731" lon="4.887888">
        <ele>-1.92</ele>
      </trkpt>
      <trkpt lat="52.290863" lon="4.88826">
        <ele>-2.01</ele>
      </trkpt>
      <trkpt lat="52.290951" lon="4.888589">
        <ele>-1.88</ele>
      </trkpt>
      <trkpt lat="52.291101" lon="4.889088">
        <ele>-1.33</ele>
      </trkpt>
      <trkpt lat="52.29119" lon="4.889419">
        <ele>-1.07</ele>
      </trkpt>
      <trkpt lat="52.291276" lon="4.889695">
        <ele>-1.15</ele>
      </trkpt>
      <trkpt lat="52.291329" lon="4.889836">
        <ele>-1.27</ele>
      </trkpt>
      <trkpt lat="52.29142" lon="4.89004">
        <ele>-1.53</ele>
      </trkpt>
      <trkpt lat="52.291489" lon="4.890169">
        <ele>-1.73</ele>
      </trkpt>
      <trkpt lat="52.29158" lon="4.890302">
        <ele>-1.92</ele>
      </trkpt>
      <trkpt lat="52.291698" lon="4.890419">
        <ele>-2.08</ele>
      </trkpt>
      <trkpt lat="52.291848" lon="4.89047">
        <ele>-2.21</ele>
      </trkpt>
      <trkpt lat="52.292262" lon="4.890542">
        <ele>-2.16</ele>
      </trkpt>
      <trkpt lat="52.292476" lon="4.890548">
        <ele>-1.97</ele>
      </trkpt>
      <trkpt lat="52.292739" lon="4.890525">
        <ele>-1.81</ele>
      </trkpt>
      <trkpt lat="52.292934" lon="4.890461">
        <ele>-1.82</ele>
      </trkpt>
      <trkpt lat="52.293186" lon="4.890398">
        <ele>-1.82</ele>
      </trkpt>
      <trkpt lat="52.293408" lon="4.890406">
        <ele>-1.67</ele>
      </trkpt>
      <trkpt lat="52.293681" lon="4.890463">
        <ele>-1.44</ele>
      </trkpt>
      <trkpt lat="52.294384" lon="4.890781">
        <ele>-0.27</ele>
      </trkpt>
      <trkpt lat="52.294736" lon="4.890851">
        <ele>0.71</ele>
      </trkpt>
      <trkpt lat="52.294795" lon="4.8909">
        <ele>0.96</ele>
      </trkpt>
      <trkpt lat="52.294855" lon="4.890978">
        <ele>1.22</ele>
      </trkpt>
      <trkpt lat="52.29496" lon="4.891207">
        <ele>1.72</ele>
      </trkpt>
      <trkpt lat="52.295013" lon="4.891367">
        <ele>1.96</ele>
      </trkpt>
      <trkpt lat="52.295108" lon="4.89164">
        <ele>2.24</ele>
      </trkpt>
      <trkpt lat="52.295447" lon="4.892665">
        <ele>1.52</ele>
      </trkpt>
      <trkpt lat="52.295561" lon="4.892796">
        <ele>1.19</ele>
      </trkpt>
      <trkpt lat="52.295865" lon="4.892732">
        <ele>1.17</ele>
      </trkpt>
      <trkpt lat="52.296024" lon="4.892728">
        <ele>1.09</ele>
      </trkpt>
      <trkpt lat="52.296127" lon="4.892772">
        <ele>1.03</ele>
      </trkpt>
      <trkpt lat="52.296221" lon="4.892871">
        <ele>0.98</ele>
      </trkpt>
      <trkpt lat="52.296256" lon="4.892928">
        <ele>0.88</ele>
      </trkpt>
      <trkpt lat="52.296325" lon="4.89308">
        <ele>0.64</ele>
      </trkpt>
      <trkpt lat="52.296796" lon="4.894275">
        <ele>-2.83</ele>
      </trkpt>
      <trkpt lat="52.296877" lon="4.894567">
        <ele>-3.28</ele>
      </trkpt>
      <trkpt lat="52.297056" lon="4.895031">
        <ele>-3.93</ele>
      </trkpt>
      <trkpt lat="52.296868" lon="4.895239">
        <ele>-3.24</ele>
      </trkpt>
      <trkpt lat="52.296845" lon="4.895286">
        <ele>-3.17</ele>
      </trkpt>
      <trkpt lat="52.296827" lon="4.895372">
        <ele>-3.1</ele>
      </trkpt>
      <trkpt lat="52.296836" lon="4.895483">
        <ele>-3.09</ele>
      </trkpt>
      <trkpt lat="52.296859" lon="4.895558">
        <ele>-3.1</ele>
      </trkpt>
      <trkpt lat="52.296896" lon="4.895617">
        <ele>-3.11</ele>
      </trkpt>
      <trkpt lat="52.296993" lon="4.895662">
        <ele>-3.15</ele>
      </trkpt>
      <trkpt lat="52.297058" lon="4.895714">
        <ele>-3.11</ele>
      </trkpt>
      <trkpt lat="52.297089" lon="4.89576">
        <ele>-3.02</ele>
      </trkpt>
      <trkpt lat="52.29711" lon="4.895819">
        <ele>-2.92</ele>
      </trkpt>
      <trkpt lat="52.297223" lon="4.896819">
        <ele>-0.77</ele>
      </trkpt>
      <trkpt lat="52.297236" lon="4.896864">
        <ele>-0.68</ele>
      </trkpt>
      <trkpt lat="52.297421" lon="4.8973">
        <ele>-0.5</ele>
      </trkpt>
      <trkpt lat="52.296835" lon="4.897988">
        <ele>0.26</ele>
      </trkpt>
      <trkpt lat="52.296782" lon="4.898073">
        <ele>-0.09</ele>
      </trkpt>
      <trkpt lat="52.296767" lon="4.898148">
        <ele>-0.22</ele>
      </trkpt>
      <trkpt lat="52.296834" lon="4.898669">
        <ele>-0.24</ele>
      </trkpt>
      <trkpt lat="52.296817" lon="4.898744">
        <ele>-0.34</ele>
      </trkpt>
      <trkpt lat="52.296835" lon="4.89888">
        <ele>-0.36</ele>
      </trkpt>
      <trkpt lat="52.296876" lon="4.898936">
        <ele>-0.27</ele>
      </trkpt>
      <trkpt lat="52.29695" lon="4.899484">
        <ele>-0.19</ele>
      </trkpt>
      <trkpt lat="52.296976" lon="4.899523">
        <ele>-0.14</ele>
      </trkpt>
      <trkpt lat="52.296963" lon="4.899586">
        <ele>-0.15</ele>
      </trkpt>
      <trkpt lat="52.296969" lon="4.899705">
        <ele>-0.13</ele>
      </trkpt>
      <trkpt lat="52.297016" lon="4.899978">
        <ele>-0.04</ele>
      </trkpt>
      <trkpt lat="52.297049" lon="4.900249">
        <ele>0</ele>
      </trkpt>
      <trkpt lat="52.297079" lon="4.900342">
        <ele>0.02</ele>
      </trkpt>
      <trkpt lat="52.296942" lon="4.900427">
        <ele>0.01</ele>
      </trkpt>
      <trkpt lat="52.296894" lon="4.900437">
        <ele>0.02</ele>
      </trkpt>
      <trkpt lat="52.2968" lon="4.900405">
        <ele>0</ele>
      </trkpt>
      <trkpt lat="52.29666" lon="4.900334">
        <ele>-0.08</ele>
      </trkpt>
      <trkpt lat="52.29661" lon="4.900277">
        <ele>-0.16</ele>
      </trkpt>
      <trkpt lat="52.296218" lon="4.899499">
        <ele>-1.58</ele>
      </trkpt>
      <trkpt lat="52.29608" lon="4.899199">
        <ele>-1.61</ele>
      </trkpt>
    </trkseg>
  </trk>
</gpx>
